experiment,method,cohort,shots,feature_signature,resolution_signature,feature_level,backbone,feature_encoder,slide_encoder,slide_projection_mode,encoder_weights,encoder_ready,prompt_source,prompt_asset,config_valid,bag_resolution,low_resolution,high_resolution,auxiliary_ready,ready,missing_feature_files,missing_auxiliary_files,config,command
pathpt,pathpt,nsclc,4,bag=conch_v1_10x,bag=10x,patch_bag,conch,conch,,,/path/to/model-cache/huggingface/hub/models--MahmoodLab--conch/blobs/40a9644b9ba0e83a74576e0a5e5f7313599fa9c9cdaf3c20f8a3e271b0e9ae7c,True,pathpt_classname_template,template,True,10x,,,True,True,0,0,/path/to/PGVL-Gym/benchmarks/tcga/configs/pathpt/nsclc_4shot.yaml,python train.py --method pathpt --config /path/to/PGVL-Gym/benchmarks/tcga/configs/pathpt/nsclc_4shot.yaml
pathpt,pathpt,nsclc,8,bag=conch_v1_10x,bag=10x,patch_bag,conch,conch,,,/path/to/model-cache/huggingface/hub/models--MahmoodLab--conch/blobs/40a9644b9ba0e83a74576e0a5e5f7313599fa9c9cdaf3c20f8a3e271b0e9ae7c,True,pathpt_classname_template,template,True,10x,,,True,True,0,0,/path/to/PGVL-Gym/benchmarks/tcga/configs/pathpt/nsclc_8shot.yaml,python train.py --method pathpt --config /path/to/PGVL-Gym/benchmarks/tcga/configs/pathpt/nsclc_8shot.yaml
pathpt,pathpt,nsclc,16,bag=conch_v1_10x,bag=10x,patch_bag,conch,conch,,,/path/to/model-cache/huggingface/hub/models--MahmoodLab--conch/blobs/40a9644b9ba0e83a74576e0a5e5f7313599fa9c9cdaf3c20f8a3e271b0e9ae7c,True,pathpt_classname_template,template,True,10x,,,True,True,0,0,/path/to/PGVL-Gym/benchmarks/tcga/configs/pathpt/nsclc_16shot.yaml,python train.py --method pathpt --config /path/to/PGVL-Gym/benchmarks/tcga/configs/pathpt/nsclc_16shot.yaml
pathpt,pathpt,brca,4,bag=conch_v1_10x,bag=10x,patch_bag,conch,conch,,,/path/to/model-cache/huggingface/hub/models--MahmoodLab--conch/blobs/40a9644b9ba0e83a74576e0a5e5f7313599fa9c9cdaf3c20f8a3e271b0e9ae7c,True,pathpt_classname_template,template,True,10x,,,True,False,7,0,/path/to/PGVL-Gym/benchmarks/tcga/configs/pathpt/brca_4shot.yaml,python train.py --method pathpt --config /path/to/PGVL-Gym/benchmarks/tcga/configs/pathpt/brca_4shot.yaml
pathpt,pathpt,brca,8,bag=conch_v1_10x,bag=10x,patch_bag,conch,conch,,,/path/to/model-cache/huggingface/hub/models--MahmoodLab--conch/blobs/40a9644b9ba0e83a74576e0a5e5f7313599fa9c9cdaf3c20f8a3e271b0e9ae7c,True,pathpt_classname_template,template,True,10x,,,True,False,7,0,/path/to/PGVL-Gym/benchmarks/tcga/configs/pathpt/brca_8shot.yaml,python train.py --method pathpt --config /path/to/PGVL-Gym/benchmarks/tcga/configs/pathpt/brca_8shot.yaml
pathpt,pathpt,brca,16,bag=conch_v1_10x,bag=10x,patch_bag,conch,conch,,,/path/to/model-cache/huggingface/hub/models--MahmoodLab--conch/blobs/40a9644b9ba0e83a74576e0a5e5f7313599fa9c9cdaf3c20f8a3e271b0e9ae7c,True,pathpt_classname_template,template,True,10x,,,True,False,7,0,/path/to/PGVL-Gym/benchmarks/tcga/configs/pathpt/brca_16shot.yaml,python train.py --method pathpt --config /path/to/PGVL-Gym/benchmarks/tcga/configs/pathpt/brca_16shot.yaml
pathpt,pathpt,rcc,4,bag=conch_v1_10x,bag=10x,patch_bag,conch,conch,,,/path/to/model-cache/huggingface/hub/models--MahmoodLab--conch/blobs/40a9644b9ba0e83a74576e0a5e5f7313599fa9c9cdaf3c20f8a3e271b0e9ae7c,True,pathpt_classname_template,template,True,10x,,,True,False,873,0,/path/to/PGVL-Gym/benchmarks/tcga/configs/pathpt/rcc_4shot.yaml,python train.py --method pathpt --config /path/to/PGVL-Gym/benchmarks/tcga/configs/pathpt/rcc_4shot.yaml
pathpt,pathpt,rcc,8,bag=conch_v1_10x,bag=10x,patch_bag,conch,conch,,,/path/to/model-cache/huggingface/hub/models--MahmoodLab--conch/blobs/40a9644b9ba0e83a74576e0a5e5f7313599fa9c9cdaf3c20f8a3e271b0e9ae7c,True,pathpt_classname_template,template,True,10x,,,True,False,873,0,/path/to/PGVL-Gym/benchmarks/tcga/configs/pathpt/rcc_8shot.yaml,python train.py --method pathpt --config /path/to/PGVL-Gym/benchmarks/tcga/configs/pathpt/rcc_8shot.yaml
pathpt,pathpt,rcc,16,bag=conch_v1_10x,bag=10x,patch_bag,conch,conch,,,/path/to/model-cache/huggingface/hub/models--MahmoodLab--conch/blobs/40a9644b9ba0e83a74576e0a5e5f7313599fa9c9cdaf3c20f8a3e271b0e9ae7c,True,pathpt_classname_template,template,True,10x,,,True,False,873,0,/path/to/PGVL-Gym/benchmarks/tcga/configs/pathpt/rcc_16shot.yaml,python train.py --method pathpt --config /path/to/PGVL-Gym/benchmarks/tcga/configs/pathpt/rcc_16shot.yaml
muse,muse,nsclc,4,bag=conch_v1_10x,bag=10x,patch_bag,conch,conch,,,/path/to/model-cache/huggingface/hub/models--MahmoodLab--conch/blobs/40a9644b9ba0e83a74576e0a5e5f7313599fa9c9cdaf3c20f8a3e271b0e9ae7c,True,muse_description_csvs,/path/to/PGVL-Gym/text_prompts/muse/tcga_nsclc/generated_new_0.csv;/path/to/PGVL-Gym/text_prompts/muse/tcga_nsclc/generated_new_1.csv,True,10x,,,True,True,0,0,/path/to/PGVL-Gym/benchmarks/tcga/configs/muse/nsclc_4shot.yaml,python train.py --method muse --config /path/to/PGVL-Gym/benchmarks/tcga/configs/muse/nsclc_4shot.yaml
muse,muse,nsclc,8,bag=conch_v1_10x,bag=10x,patch_bag,conch,conch,,,/path/to/model-cache/huggingface/hub/models--MahmoodLab--conch/blobs/40a9644b9ba0e83a74576e0a5e5f7313599fa9c9cdaf3c20f8a3e271b0e9ae7c,True,muse_description_csvs,/path/to/PGVL-Gym/text_prompts/muse/tcga_nsclc/generated_new_0.csv;/path/to/PGVL-Gym/text_prompts/muse/tcga_nsclc/generated_new_1.csv,True,10x,,,True,True,0,0,/path/to/PGVL-Gym/benchmarks/tcga/configs/muse/nsclc_8shot.yaml,python train.py --method muse --config /path/to/PGVL-Gym/benchmarks/tcga/configs/muse/nsclc_8shot.yaml
muse,muse,nsclc,16,bag=conch_v1_10x,bag=10x,patch_bag,conch,conch,,,/path/to/model-cache/huggingface/hub/models--MahmoodLab--conch/blobs/40a9644b9ba0e83a74576e0a5e5f7313599fa9c9cdaf3c20f8a3e271b0e9ae7c,True,muse_description_csvs,/path/to/PGVL-Gym/text_prompts/muse/tcga_nsclc/generated_new_0.csv;/path/to/PGVL-Gym/text_prompts/muse/tcga_nsclc/generated_new_1.csv,True,10x,,,True,True,0,0,/path/to/PGVL-Gym/benchmarks/tcga/configs/muse/nsclc_16shot.yaml,python train.py --method muse --config /path/to/PGVL-Gym/benchmarks/tcga/configs/muse/nsclc_16shot.yaml
muse,muse,brca,4,bag=conch_v1_10x,bag=10x,patch_bag,conch,conch,,,/path/to/model-cache/huggingface/hub/models--MahmoodLab--conch/blobs/40a9644b9ba0e83a74576e0a5e5f7313599fa9c9cdaf3c20f8a3e271b0e9ae7c,True,muse_description_csvs,/path/to/PGVL-Gym/text_prompts/muse/tcga_brca/generated_new_0.csv;/path/to/PGVL-Gym/text_prompts/muse/tcga_brca/generated_new_1.csv,True,10x,,,True,False,7,0,/path/to/PGVL-Gym/benchmarks/tcga/configs/muse/brca_4shot.yaml,python train.py --method muse --config /path/to/PGVL-Gym/benchmarks/tcga/configs/muse/brca_4shot.yaml
muse,muse,brca,8,bag=conch_v1_10x,bag=10x,patch_bag,conch,conch,,,/path/to/model-cache/huggingface/hub/models--MahmoodLab--conch/blobs/40a9644b9ba0e83a74576e0a5e5f7313599fa9c9cdaf3c20f8a3e271b0e9ae7c,True,muse_description_csvs,/path/to/PGVL-Gym/text_prompts/muse/tcga_brca/generated_new_0.csv;/path/to/PGVL-Gym/text_prompts/muse/tcga_brca/generated_new_1.csv,True,10x,,,True,False,7,0,/path/to/PGVL-Gym/benchmarks/tcga/configs/muse/brca_8shot.yaml,python train.py --method muse --config /path/to/PGVL-Gym/benchmarks/tcga/configs/muse/brca_8shot.yaml
muse,muse,brca,16,bag=conch_v1_10x,bag=10x,patch_bag,conch,conch,,,/path/to/model-cache/huggingface/hub/models--MahmoodLab--conch/blobs/40a9644b9ba0e83a74576e0a5e5f7313599fa9c9cdaf3c20f8a3e271b0e9ae7c,True,muse_description_csvs,/path/to/PGVL-Gym/text_prompts/muse/tcga_brca/generated_new_0.csv;/path/to/PGVL-Gym/text_prompts/muse/tcga_brca/generated_new_1.csv,True,10x,,,True,False,7,0,/path/to/PGVL-Gym/benchmarks/tcga/configs/muse/brca_16shot.yaml,python train.py --method muse --config /path/to/PGVL-Gym/benchmarks/tcga/configs/muse/brca_16shot.yaml
muse,muse,rcc,4,bag=conch_v1_10x,bag=10x,patch_bag,conch,conch,,,/path/to/model-cache/huggingface/hub/models--MahmoodLab--conch/blobs/40a9644b9ba0e83a74576e0a5e5f7313599fa9c9cdaf3c20f8a3e271b0e9ae7c,True,muse_description_csvs,/path/to/PGVL-Gym/benchmarks/tcga/data/rcc/muse_prompts/generated_new_0.csv;/path/to/PGVL-Gym/benchmarks/tcga/data/rcc/muse_prompts/generated_new_1.csv;/path/to/PGVL-Gym/benchmarks/tcga/data/rcc/muse_prompts/generated_new_2.csv,True,10x,,,True,False,873,0,/path/to/PGVL-Gym/benchmarks/tcga/configs/muse/rcc_4shot.yaml,python train.py --method muse --config /path/to/PGVL-Gym/benchmarks/tcga/configs/muse/rcc_4shot.yaml
muse,muse,rcc,8,bag=conch_v1_10x,bag=10x,patch_bag,conch,conch,,,/path/to/model-cache/huggingface/hub/models--MahmoodLab--conch/blobs/40a9644b9ba0e83a74576e0a5e5f7313599fa9c9cdaf3c20f8a3e271b0e9ae7c,True,muse_description_csvs,/path/to/PGVL-Gym/benchmarks/tcga/data/rcc/muse_prompts/generated_new_0.csv;/path/to/PGVL-Gym/benchmarks/tcga/data/rcc/muse_prompts/generated_new_1.csv;/path/to/PGVL-Gym/benchmarks/tcga/data/rcc/muse_prompts/generated_new_2.csv,True,10x,,,True,False,873,0,/path/to/PGVL-Gym/benchmarks/tcga/configs/muse/rcc_8shot.yaml,python train.py --method muse --config /path/to/PGVL-Gym/benchmarks/tcga/configs/muse/rcc_8shot.yaml
muse,muse,rcc,16,bag=conch_v1_10x,bag=10x,patch_bag,conch,conch,,,/path/to/model-cache/huggingface/hub/models--MahmoodLab--conch/blobs/40a9644b9ba0e83a74576e0a5e5f7313599fa9c9cdaf3c20f8a3e271b0e9ae7c,True,muse_description_csvs,/path/to/PGVL-Gym/benchmarks/tcga/data/rcc/muse_prompts/generated_new_0.csv;/path/to/PGVL-Gym/benchmarks/tcga/data/rcc/muse_prompts/generated_new_1.csv;/path/to/PGVL-Gym/benchmarks/tcga/data/rcc/muse_prompts/generated_new_2.csv,True,10x,,,True,False,873,0,/path/to/PGVL-Gym/benchmarks/tcga/configs/muse/rcc_16shot.yaml,python train.py --method muse --config /path/to/PGVL-Gym/benchmarks/tcga/configs/muse/rcc_16shot.yaml
muse_musk,muse,nsclc,4,bag=musk_10x,bag=10x,patch_bag,conch,musk,,,/path/to/model-cache/huggingface/hub/models--MahmoodLab--conch/blobs/40a9644b9ba0e83a74576e0a5e5f7313599fa9c9cdaf3c20f8a3e271b0e9ae7c,True,muse_description_csvs,/path/to/PGVL-Gym/text_prompts/muse/tcga_nsclc/generated_new_0.csv;/path/to/PGVL-Gym/text_prompts/muse/tcga_nsclc/generated_new_1.csv,True,10x,,,True,True,0,0,/path/to/PGVL-Gym/benchmarks/tcga/configs/muse_musk/nsclc_4shot.yaml,python train.py --method muse --config /path/to/PGVL-Gym/benchmarks/tcga/configs/muse_musk/nsclc_4shot.yaml
muse_musk,muse,nsclc,8,bag=musk_10x,bag=10x,patch_bag,conch,musk,,,/path/to/model-cache/huggingface/hub/models--MahmoodLab--conch/blobs/40a9644b9ba0e83a74576e0a5e5f7313599fa9c9cdaf3c20f8a3e271b0e9ae7c,True,muse_description_csvs,/path/to/PGVL-Gym/text_prompts/muse/tcga_nsclc/generated_new_0.csv;/path/to/PGVL-Gym/text_prompts/muse/tcga_nsclc/generated_new_1.csv,True,10x,,,True,True,0,0,/path/to/PGVL-Gym/benchmarks/tcga/configs/muse_musk/nsclc_8shot.yaml,python train.py --method muse --config /path/to/PGVL-Gym/benchmarks/tcga/configs/muse_musk/nsclc_8shot.yaml
muse_musk,muse,nsclc,16,bag=musk_10x,bag=10x,patch_bag,conch,musk,,,/path/to/model-cache/huggingface/hub/models--MahmoodLab--conch/blobs/40a9644b9ba0e83a74576e0a5e5f7313599fa9c9cdaf3c20f8a3e271b0e9ae7c,True,muse_description_csvs,/path/to/PGVL-Gym/text_prompts/muse/tcga_nsclc/generated_new_0.csv;/path/to/PGVL-Gym/text_prompts/muse/tcga_nsclc/generated_new_1.csv,True,10x,,,True,True,0,0,/path/to/PGVL-Gym/benchmarks/tcga/configs/muse_musk/nsclc_16shot.yaml,python train.py --method muse --config /path/to/PGVL-Gym/benchmarks/tcga/configs/muse_musk/nsclc_16shot.yaml
muse_musk,muse,brca,4,bag=musk_10x,bag=10x,patch_bag,conch,musk,,,/path/to/model-cache/huggingface/hub/models--MahmoodLab--conch/blobs/40a9644b9ba0e83a74576e0a5e5f7313599fa9c9cdaf3c20f8a3e271b0e9ae7c,True,muse_description_csvs,/path/to/PGVL-Gym/text_prompts/muse/tcga_brca/generated_new_0.csv;/path/to/PGVL-Gym/text_prompts/muse/tcga_brca/generated_new_1.csv,True,10x,,,True,False,7,0,/path/to/PGVL-Gym/benchmarks/tcga/configs/muse_musk/brca_4shot.yaml,python train.py --method muse --config /path/to/PGVL-Gym/benchmarks/tcga/configs/muse_musk/brca_4shot.yaml
muse_musk,muse,brca,8,bag=musk_10x,bag=10x,patch_bag,conch,musk,,,/path/to/model-cache/huggingface/hub/models--MahmoodLab--conch/blobs/40a9644b9ba0e83a74576e0a5e5f7313599fa9c9cdaf3c20f8a3e271b0e9ae7c,True,muse_description_csvs,/path/to/PGVL-Gym/text_prompts/muse/tcga_brca/generated_new_0.csv;/path/to/PGVL-Gym/text_prompts/muse/tcga_brca/generated_new_1.csv,True,10x,,,True,False,7,0,/path/to/PGVL-Gym/benchmarks/tcga/configs/muse_musk/brca_8shot.yaml,python train.py --method muse --config /path/to/PGVL-Gym/benchmarks/tcga/configs/muse_musk/brca_8shot.yaml
muse_musk,muse,brca,16,bag=musk_10x,bag=10x,patch_bag,conch,musk,,,/path/to/model-cache/huggingface/hub/models--MahmoodLab--conch/blobs/40a9644b9ba0e83a74576e0a5e5f7313599fa9c9cdaf3c20f8a3e271b0e9ae7c,True,muse_description_csvs,/path/to/PGVL-Gym/text_prompts/muse/tcga_brca/generated_new_0.csv;/path/to/PGVL-Gym/text_prompts/muse/tcga_brca/generated_new_1.csv,True,10x,,,True,False,7,0,/path/to/PGVL-Gym/benchmarks/tcga/configs/muse_musk/brca_16shot.yaml,python train.py --method muse --config /path/to/PGVL-Gym/benchmarks/tcga/configs/muse_musk/brca_16shot.yaml
muse_musk,muse,rcc,4,bag=musk_10x,bag=10x,patch_bag,conch,musk,,,/path/to/model-cache/huggingface/hub/models--MahmoodLab--conch/blobs/40a9644b9ba0e83a74576e0a5e5f7313599fa9c9cdaf3c20f8a3e271b0e9ae7c,True,muse_description_csvs,/path/to/PGVL-Gym/benchmarks/tcga/data/rcc/muse_prompts/generated_new_0.csv;/path/to/PGVL-Gym/benchmarks/tcga/data/rcc/muse_prompts/generated_new_1.csv;/path/to/PGVL-Gym/benchmarks/tcga/data/rcc/muse_prompts/generated_new_2.csv,True,10x,,,True,False,873,0,/path/to/PGVL-Gym/benchmarks/tcga/configs/muse_musk/rcc_4shot.yaml,python train.py --method muse --config /path/to/PGVL-Gym/benchmarks/tcga/configs/muse_musk/rcc_4shot.yaml
muse_musk,muse,rcc,8,bag=musk_10x,bag=10x,patch_bag,conch,musk,,,/path/to/model-cache/huggingface/hub/models--MahmoodLab--conch/blobs/40a9644b9ba0e83a74576e0a5e5f7313599fa9c9cdaf3c20f8a3e271b0e9ae7c,True,muse_description_csvs,/path/to/PGVL-Gym/benchmarks/tcga/data/rcc/muse_prompts/generated_new_0.csv;/path/to/PGVL-Gym/benchmarks/tcga/data/rcc/muse_prompts/generated_new_1.csv;/path/to/PGVL-Gym/benchmarks/tcga/data/rcc/muse_prompts/generated_new_2.csv,True,10x,,,True,False,873,0,/path/to/PGVL-Gym/benchmarks/tcga/configs/muse_musk/rcc_8shot.yaml,python train.py --method muse --config /path/to/PGVL-Gym/benchmarks/tcga/configs/muse_musk/rcc_8shot.yaml
muse_musk,muse,rcc,16,bag=musk_10x,bag=10x,patch_bag,conch,musk,,,/path/to/model-cache/huggingface/hub/models--MahmoodLab--conch/blobs/40a9644b9ba0e83a74576e0a5e5f7313599fa9c9cdaf3c20f8a3e271b0e9ae7c,True,muse_description_csvs,/path/to/PGVL-Gym/benchmarks/tcga/data/rcc/muse_prompts/generated_new_0.csv;/path/to/PGVL-Gym/benchmarks/tcga/data/rcc/muse_prompts/generated_new_1.csv;/path/to/PGVL-Gym/benchmarks/tcga/data/rcc/muse_prompts/generated_new_2.csv,True,10x,,,True,False,873,0,/path/to/PGVL-Gym/benchmarks/tcga/configs/muse_musk/rcc_16shot.yaml,python train.py --method muse --config /path/to/PGVL-Gym/benchmarks/tcga/configs/muse_musk/rcc_16shot.yaml
muse_keep,muse,nsclc,4,bag=keep_20x,bag=20x,patch_bag,conch,keep,,,/path/to/model-cache/huggingface/hub/models--MahmoodLab--conch/blobs/40a9644b9ba0e83a74576e0a5e5f7313599fa9c9cdaf3c20f8a3e271b0e9ae7c,True,muse_description_csvs,/path/to/PGVL-Gym/text_prompts/muse/tcga_nsclc/generated_new_0.csv;/path/to/PGVL-Gym/text_prompts/muse/tcga_nsclc/generated_new_1.csv,True,20x,,,True,False,1043,0,/path/to/PGVL-Gym/benchmarks/tcga/configs/muse_keep/nsclc_4shot.yaml,python train.py --method muse --config /path/to/PGVL-Gym/benchmarks/tcga/configs/muse_keep/nsclc_4shot.yaml
muse_keep,muse,nsclc,8,bag=keep_20x,bag=20x,patch_bag,conch,keep,,,/path/to/model-cache/huggingface/hub/models--MahmoodLab--conch/blobs/40a9644b9ba0e83a74576e0a5e5f7313599fa9c9cdaf3c20f8a3e271b0e9ae7c,True,muse_description_csvs,/path/to/PGVL-Gym/text_prompts/muse/tcga_nsclc/generated_new_0.csv;/path/to/PGVL-Gym/text_prompts/muse/tcga_nsclc/generated_new_1.csv,True,20x,,,True,False,1043,0,/path/to/PGVL-Gym/benchmarks/tcga/configs/muse_keep/nsclc_8shot.yaml,python train.py --method muse --config /path/to/PGVL-Gym/benchmarks/tcga/configs/muse_keep/nsclc_8shot.yaml
muse_keep,muse,nsclc,16,bag=keep_20x,bag=20x,patch_bag,conch,keep,,,/path/to/model-cache/huggingface/hub/models--MahmoodLab--conch/blobs/40a9644b9ba0e83a74576e0a5e5f7313599fa9c9cdaf3c20f8a3e271b0e9ae7c,True,muse_description_csvs,/path/to/PGVL-Gym/text_prompts/muse/tcga_nsclc/generated_new_0.csv;/path/to/PGVL-Gym/text_prompts/muse/tcga_nsclc/generated_new_1.csv,True,20x,,,True,False,1043,0,/path/to/PGVL-Gym/benchmarks/tcga/configs/muse_keep/nsclc_16shot.yaml,python train.py --method muse --config /path/to/PGVL-Gym/benchmarks/tcga/configs/muse_keep/nsclc_16shot.yaml
muse_keep,muse,brca,4,bag=keep_20x,bag=20x,patch_bag,conch,keep,,,/path/to/model-cache/huggingface/hub/models--MahmoodLab--conch/blobs/40a9644b9ba0e83a74576e0a5e5f7313599fa9c9cdaf3c20f8a3e271b0e9ae7c,True,muse_description_csvs,/path/to/PGVL-Gym/text_prompts/muse/tcga_brca/generated_new_0.csv;/path/to/PGVL-Gym/text_prompts/muse/tcga_brca/generated_new_1.csv,True,20x,,,True,False,7,0,/path/to/PGVL-Gym/benchmarks/tcga/configs/muse_keep/brca_4shot.yaml,python train.py --method muse --config /path/to/PGVL-Gym/benchmarks/tcga/configs/muse_keep/brca_4shot.yaml
muse_keep,muse,brca,8,bag=keep_20x,bag=20x,patch_bag,conch,keep,,,/path/to/model-cache/huggingface/hub/models--MahmoodLab--conch/blobs/40a9644b9ba0e83a74576e0a5e5f7313599fa9c9cdaf3c20f8a3e271b0e9ae7c,True,muse_description_csvs,/path/to/PGVL-Gym/text_prompts/muse/tcga_brca/generated_new_0.csv;/path/to/PGVL-Gym/text_prompts/muse/tcga_brca/generated_new_1.csv,True,20x,,,True,False,7,0,/path/to/PGVL-Gym/benchmarks/tcga/configs/muse_keep/brca_8shot.yaml,python train.py --method muse --config /path/to/PGVL-Gym/benchmarks/tcga/configs/muse_keep/brca_8shot.yaml
muse_keep,muse,brca,16,bag=keep_20x,bag=20x,patch_bag,conch,keep,,,/path/to/model-cache/huggingface/hub/models--MahmoodLab--conch/blobs/40a9644b9ba0e83a74576e0a5e5f7313599fa9c9cdaf3c20f8a3e271b0e9ae7c,True,muse_description_csvs,/path/to/PGVL-Gym/text_prompts/muse/tcga_brca/generated_new_0.csv;/path/to/PGVL-Gym/text_prompts/muse/tcga_brca/generated_new_1.csv,True,20x,,,True,False,7,0,/path/to/PGVL-Gym/benchmarks/tcga/configs/muse_keep/brca_16shot.yaml,python train.py --method muse --config /path/to/PGVL-Gym/benchmarks/tcga/configs/muse_keep/brca_16shot.yaml
muse_keep,muse,rcc,4,bag=keep_20x,bag=20x,patch_bag,conch,keep,,,/path/to/model-cache/huggingface/hub/models--MahmoodLab--conch/blobs/40a9644b9ba0e83a74576e0a5e5f7313599fa9c9cdaf3c20f8a3e271b0e9ae7c,True,muse_description_csvs,/path/to/PGVL-Gym/benchmarks/tcga/data/rcc/muse_prompts/generated_new_0.csv;/path/to/PGVL-Gym/benchmarks/tcga/data/rcc/muse_prompts/generated_new_1.csv;/path/to/PGVL-Gym/benchmarks/tcga/data/rcc/muse_prompts/generated_new_2.csv,True,20x,,,True,False,873,0,/path/to/PGVL-Gym/benchmarks/tcga/configs/muse_keep/rcc_4shot.yaml,python train.py --method muse --config /path/to/PGVL-Gym/benchmarks/tcga/configs/muse_keep/rcc_4shot.yaml
muse_keep,muse,rcc,8,bag=keep_20x,bag=20x,patch_bag,conch,keep,,,/path/to/model-cache/huggingface/hub/models--MahmoodLab--conch/blobs/40a9644b9ba0e83a74576e0a5e5f7313599fa9c9cdaf3c20f8a3e271b0e9ae7c,True,muse_description_csvs,/path/to/PGVL-Gym/benchmarks/tcga/data/rcc/muse_prompts/generated_new_0.csv;/path/to/PGVL-Gym/benchmarks/tcga/data/rcc/muse_prompts/generated_new_1.csv;/path/to/PGVL-Gym/benchmarks/tcga/data/rcc/muse_prompts/generated_new_2.csv,True,20x,,,True,False,873,0,/path/to/PGVL-Gym/benchmarks/tcga/configs/muse_keep/rcc_8shot.yaml,python train.py --method muse --config /path/to/PGVL-Gym/benchmarks/tcga/configs/muse_keep/rcc_8shot.yaml
muse_keep,muse,rcc,16,bag=keep_20x,bag=20x,patch_bag,conch,keep,,,/path/to/model-cache/huggingface/hub/models--MahmoodLab--conch/blobs/40a9644b9ba0e83a74576e0a5e5f7313599fa9c9cdaf3c20f8a3e271b0e9ae7c,True,muse_description_csvs,/path/to/PGVL-Gym/benchmarks/tcga/data/rcc/muse_prompts/generated_new_0.csv;/path/to/PGVL-Gym/benchmarks/tcga/data/rcc/muse_prompts/generated_new_1.csv;/path/to/PGVL-Gym/benchmarks/tcga/data/rcc/muse_prompts/generated_new_2.csv,True,20x,,,True,False,873,0,/path/to/PGVL-Gym/benchmarks/tcga/configs/muse_keep/rcc_16shot.yaml,python train.py --method muse --config /path/to/PGVL-Gym/benchmarks/tcga/configs/muse_keep/rcc_16shot.yaml
focus,focus,nsclc,4,low=conch_v1_10x;high=conch_v1_20x,low=10x;high=20x,dual_scale_patch_bag,conch,conch,,,/path/to/model-cache/huggingface/hub/models--MahmoodLab--conch/blobs/40a9644b9ba0e83a74576e0a5e5f7313599fa9c9cdaf3c20f8a3e271b0e9ae7c,True,focus_two_scale_csv,/path/to/PGVL-Gym/text_prompts/focus/TCGA_NSCLC_two_scale_text_prompt.csv,True,,10x,20x,True,False,1043,0,/path/to/PGVL-Gym/benchmarks/tcga/configs/focus/nsclc_4shot.yaml,python train.py --method focus --config /path/to/PGVL-Gym/benchmarks/tcga/configs/focus/nsclc_4shot.yaml
focus,focus,nsclc,8,low=conch_v1_10x;high=conch_v1_20x,low=10x;high=20x,dual_scale_patch_bag,conch,conch,,,/path/to/model-cache/huggingface/hub/models--MahmoodLab--conch/blobs/40a9644b9ba0e83a74576e0a5e5f7313599fa9c9cdaf3c20f8a3e271b0e9ae7c,True,focus_two_scale_csv,/path/to/PGVL-Gym/text_prompts/focus/TCGA_NSCLC_two_scale_text_prompt.csv,True,,10x,20x,True,False,1043,0,/path/to/PGVL-Gym/benchmarks/tcga/configs/focus/nsclc_8shot.yaml,python train.py --method focus --config /path/to/PGVL-Gym/benchmarks/tcga/configs/focus/nsclc_8shot.yaml
focus,focus,nsclc,16,low=conch_v1_10x;high=conch_v1_20x,low=10x;high=20x,dual_scale_patch_bag,conch,conch,,,/path/to/model-cache/huggingface/hub/models--MahmoodLab--conch/blobs/40a9644b9ba0e83a74576e0a5e5f7313599fa9c9cdaf3c20f8a3e271b0e9ae7c,True,focus_two_scale_csv,/path/to/PGVL-Gym/text_prompts/focus/TCGA_NSCLC_two_scale_text_prompt.csv,True,,10x,20x,True,False,1043,0,/path/to/PGVL-Gym/benchmarks/tcga/configs/focus/nsclc_16shot.yaml,python train.py --method focus --config /path/to/PGVL-Gym/benchmarks/tcga/configs/focus/nsclc_16shot.yaml
focus,focus,brca,4,low=conch_v1_10x;high=conch_v1_20x,low=10x;high=20x,dual_scale_patch_bag,conch,conch,,,/path/to/model-cache/huggingface/hub/models--MahmoodLab--conch/blobs/40a9644b9ba0e83a74576e0a5e5f7313599fa9c9cdaf3c20f8a3e271b0e9ae7c,True,focus_two_scale_csv,/path/to/PGVL-Gym/text_prompts/focus/TCGA_BRCA_two_scale_text_prompt.csv,True,,10x,20x,True,False,14,0,/path/to/PGVL-Gym/benchmarks/tcga/configs/focus/brca_4shot.yaml,python train.py --method focus --config /path/to/PGVL-Gym/benchmarks/tcga/configs/focus/brca_4shot.yaml
focus,focus,brca,8,low=conch_v1_10x;high=conch_v1_20x,low=10x;high=20x,dual_scale_patch_bag,conch,conch,,,/path/to/model-cache/huggingface/hub/models--MahmoodLab--conch/blobs/40a9644b9ba0e83a74576e0a5e5f7313599fa9c9cdaf3c20f8a3e271b0e9ae7c,True,focus_two_scale_csv,/path/to/PGVL-Gym/text_prompts/focus/TCGA_BRCA_two_scale_text_prompt.csv,True,,10x,20x,True,False,14,0,/path/to/PGVL-Gym/benchmarks/tcga/configs/focus/brca_8shot.yaml,python train.py --method focus --config /path/to/PGVL-Gym/benchmarks/tcga/configs/focus/brca_8shot.yaml
focus,focus,brca,16,low=conch_v1_10x;high=conch_v1_20x,low=10x;high=20x,dual_scale_patch_bag,conch,conch,,,/path/to/model-cache/huggingface/hub/models--MahmoodLab--conch/blobs/40a9644b9ba0e83a74576e0a5e5f7313599fa9c9cdaf3c20f8a3e271b0e9ae7c,True,focus_two_scale_csv,/path/to/PGVL-Gym/text_prompts/focus/TCGA_BRCA_two_scale_text_prompt.csv,True,,10x,20x,True,False,14,0,/path/to/PGVL-Gym/benchmarks/tcga/configs/focus/brca_16shot.yaml,python train.py --method focus --config /path/to/PGVL-Gym/benchmarks/tcga/configs/focus/brca_16shot.yaml
focus,focus,rcc,4,low=conch_v1_10x;high=conch_v1_20x,low=10x;high=20x,dual_scale_patch_bag,conch,conch,,,/path/to/model-cache/huggingface/hub/models--MahmoodLab--conch/blobs/40a9644b9ba0e83a74576e0a5e5f7313599fa9c9cdaf3c20f8a3e271b0e9ae7c,True,focus_two_scale_csv,/path/to/PGVL-Gym/text_prompts/focus/TCGA_RCC_two_scale_text_prompt.csv,True,,10x,20x,True,False,1746,0,/path/to/PGVL-Gym/benchmarks/tcga/configs/focus/rcc_4shot.yaml,python train.py --method focus --config /path/to/PGVL-Gym/benchmarks/tcga/configs/focus/rcc_4shot.yaml
focus,focus,rcc,8,low=conch_v1_10x;high=conch_v1_20x,low=10x;high=20x,dual_scale_patch_bag,conch,conch,,,/path/to/model-cache/huggingface/hub/models--MahmoodLab--conch/blobs/40a9644b9ba0e83a74576e0a5e5f7313599fa9c9cdaf3c20f8a3e271b0e9ae7c,True,focus_two_scale_csv,/path/to/PGVL-Gym/text_prompts/focus/TCGA_RCC_two_scale_text_prompt.csv,True,,10x,20x,True,False,1746,0,/path/to/PGVL-Gym/benchmarks/tcga/configs/focus/rcc_8shot.yaml,python train.py --method focus --config /path/to/PGVL-Gym/benchmarks/tcga/configs/focus/rcc_8shot.yaml
focus,focus,rcc,16,low=conch_v1_10x;high=conch_v1_20x,low=10x;high=20x,dual_scale_patch_bag,conch,conch,,,/path/to/model-cache/huggingface/hub/models--MahmoodLab--conch/blobs/40a9644b9ba0e83a74576e0a5e5f7313599fa9c9cdaf3c20f8a3e271b0e9ae7c,True,focus_two_scale_csv,/path/to/PGVL-Gym/text_prompts/focus/TCGA_RCC_two_scale_text_prompt.csv,True,,10x,20x,True,False,1746,0,/path/to/PGVL-Gym/benchmarks/tcga/configs/focus/rcc_16shot.yaml,python train.py --method focus --config /path/to/PGVL-Gym/benchmarks/tcga/configs/focus/rcc_16shot.yaml
focus_5x20x,focus,nsclc,4,low=conch_v1_5x;high=conch_v1_20x,low=5x;high=20x,dual_scale_patch_bag,conch,conch,,,/path/to/model-cache/huggingface/hub/models--MahmoodLab--conch/blobs/40a9644b9ba0e83a74576e0a5e5f7313599fa9c9cdaf3c20f8a3e271b0e9ae7c,True,focus_two_scale_csv,/path/to/PGVL-Gym/text_prompts/focus/TCGA_NSCLC_two_scale_text_prompt.csv,True,,5x,20x,True,False,2086,0,/path/to/PGVL-Gym/benchmarks/tcga/configs/focus_5x20x/nsclc_4shot.yaml,python train.py --method focus --config /path/to/PGVL-Gym/benchmarks/tcga/configs/focus_5x20x/nsclc_4shot.yaml
focus_5x20x,focus,nsclc,8,low=conch_v1_5x;high=conch_v1_20x,low=5x;high=20x,dual_scale_patch_bag,conch,conch,,,/path/to/model-cache/huggingface/hub/models--MahmoodLab--conch/blobs/40a9644b9ba0e83a74576e0a5e5f7313599fa9c9cdaf3c20f8a3e271b0e9ae7c,True,focus_two_scale_csv,/path/to/PGVL-Gym/text_prompts/focus/TCGA_NSCLC_two_scale_text_prompt.csv,True,,5x,20x,True,False,2086,0,/path/to/PGVL-Gym/benchmarks/tcga/configs/focus_5x20x/nsclc_8shot.yaml,python train.py --method focus --config /path/to/PGVL-Gym/benchmarks/tcga/configs/focus_5x20x/nsclc_8shot.yaml
focus_5x20x,focus,nsclc,16,low=conch_v1_5x;high=conch_v1_20x,low=5x;high=20x,dual_scale_patch_bag,conch,conch,,,/path/to/model-cache/huggingface/hub/models--MahmoodLab--conch/blobs/40a9644b9ba0e83a74576e0a5e5f7313599fa9c9cdaf3c20f8a3e271b0e9ae7c,True,focus_two_scale_csv,/path/to/PGVL-Gym/text_prompts/focus/TCGA_NSCLC_two_scale_text_prompt.csv,True,,5x,20x,True,False,2086,0,/path/to/PGVL-Gym/benchmarks/tcga/configs/focus_5x20x/nsclc_16shot.yaml,python train.py --method focus --config /path/to/PGVL-Gym/benchmarks/tcga/configs/focus_5x20x/nsclc_16shot.yaml
focus_5x20x,focus,brca,4,low=conch_v1_5x;high=conch_v1_20x,low=5x;high=20x,dual_scale_patch_bag,conch,conch,,,/path/to/model-cache/huggingface/hub/models--MahmoodLab--conch/blobs/40a9644b9ba0e83a74576e0a5e5f7313599fa9c9cdaf3c20f8a3e271b0e9ae7c,True,focus_two_scale_csv,/path/to/PGVL-Gym/text_prompts/focus/TCGA_BRCA_two_scale_text_prompt.csv,True,,5x,20x,True,False,1061,0,/path/to/PGVL-Gym/benchmarks/tcga/configs/focus_5x20x/brca_4shot.yaml,python train.py --method focus --config /path/to/PGVL-Gym/benchmarks/tcga/configs/focus_5x20x/brca_4shot.yaml
focus_5x20x,focus,brca,8,low=conch_v1_5x;high=conch_v1_20x,low=5x;high=20x,dual_scale_patch_bag,conch,conch,,,/path/to/model-cache/huggingface/hub/models--MahmoodLab--conch/blobs/40a9644b9ba0e83a74576e0a5e5f7313599fa9c9cdaf3c20f8a3e271b0e9ae7c,True,focus_two_scale_csv,/path/to/PGVL-Gym/text_prompts/focus/TCGA_BRCA_two_scale_text_prompt.csv,True,,5x,20x,True,False,1061,0,/path/to/PGVL-Gym/benchmarks/tcga/configs/focus_5x20x/brca_8shot.yaml,python train.py --method focus --config /path/to/PGVL-Gym/benchmarks/tcga/configs/focus_5x20x/brca_8shot.yaml
focus_5x20x,focus,brca,16,low=conch_v1_5x;high=conch_v1_20x,low=5x;high=20x,dual_scale_patch_bag,conch,conch,,,/path/to/model-cache/huggingface/hub/models--MahmoodLab--conch/blobs/40a9644b9ba0e83a74576e0a5e5f7313599fa9c9cdaf3c20f8a3e271b0e9ae7c,True,focus_two_scale_csv,/path/to/PGVL-Gym/text_prompts/focus/TCGA_BRCA_two_scale_text_prompt.csv,True,,5x,20x,True,False,1061,0,/path/to/PGVL-Gym/benchmarks/tcga/configs/focus_5x20x/brca_16shot.yaml,python train.py --method focus --config /path/to/PGVL-Gym/benchmarks/tcga/configs/focus_5x20x/brca_16shot.yaml
focus_5x20x,focus,rcc,4,low=conch_v1_5x;high=conch_v1_20x,low=5x;high=20x,dual_scale_patch_bag,conch,conch,,,/path/to/model-cache/huggingface/hub/models--MahmoodLab--conch/blobs/40a9644b9ba0e83a74576e0a5e5f7313599fa9c9cdaf3c20f8a3e271b0e9ae7c,True,focus_two_scale_csv,/path/to/PGVL-Gym/text_prompts/focus/TCGA_RCC_two_scale_text_prompt.csv,True,,5x,20x,True,False,1746,0,/path/to/PGVL-Gym/benchmarks/tcga/configs/focus_5x20x/rcc_4shot.yaml,python train.py --method focus --config /path/to/PGVL-Gym/benchmarks/tcga/configs/focus_5x20x/rcc_4shot.yaml
focus_5x20x,focus,rcc,8,low=conch_v1_5x;high=conch_v1_20x,low=5x;high=20x,dual_scale_patch_bag,conch,conch,,,/path/to/model-cache/huggingface/hub/models--MahmoodLab--conch/blobs/40a9644b9ba0e83a74576e0a5e5f7313599fa9c9cdaf3c20f8a3e271b0e9ae7c,True,focus_two_scale_csv,/path/to/PGVL-Gym/text_prompts/focus/TCGA_RCC_two_scale_text_prompt.csv,True,,5x,20x,True,False,1746,0,/path/to/PGVL-Gym/benchmarks/tcga/configs/focus_5x20x/rcc_8shot.yaml,python train.py --method focus --config /path/to/PGVL-Gym/benchmarks/tcga/configs/focus_5x20x/rcc_8shot.yaml
focus_5x20x,focus,rcc,16,low=conch_v1_5x;high=conch_v1_20x,low=5x;high=20x,dual_scale_patch_bag,conch,conch,,,/path/to/model-cache/huggingface/hub/models--MahmoodLab--conch/blobs/40a9644b9ba0e83a74576e0a5e5f7313599fa9c9cdaf3c20f8a3e271b0e9ae7c,True,focus_two_scale_csv,/path/to/PGVL-Gym/text_prompts/focus/TCGA_RCC_two_scale_text_prompt.csv,True,,5x,20x,True,False,1746,0,/path/to/PGVL-Gym/benchmarks/tcga/configs/focus_5x20x/rcc_16shot.yaml,python train.py --method focus --config /path/to/PGVL-Gym/benchmarks/tcga/configs/focus_5x20x/rcc_16shot.yaml
mscpt,mscpt,nsclc,4,low=conch_v1_10x;high=conch_v1_20x,low=10x;high=20x,dual_scale_patch_bag,conch,conch,,,/path/to/model-cache/huggingface/hub/models--MahmoodLab--conch/blobs/40a9644b9ba0e83a74576e0a5e5f7313599fa9c9cdaf3c20f8a3e271b0e9ae7c,True,mscpt_multiscale_description_json,/path/to/PGVL-Gym/train_data/gpt/description/Lung.json,True,,10x,20x,True,False,1043,0,/path/to/PGVL-Gym/benchmarks/tcga/configs/mscpt/nsclc_4shot.yaml,python train.py --method mscpt --config /path/to/PGVL-Gym/benchmarks/tcga/configs/mscpt/nsclc_4shot.yaml
mscpt,mscpt,nsclc,8,low=conch_v1_10x;high=conch_v1_20x,low=10x;high=20x,dual_scale_patch_bag,conch,conch,,,/path/to/model-cache/huggingface/hub/models--MahmoodLab--conch/blobs/40a9644b9ba0e83a74576e0a5e5f7313599fa9c9cdaf3c20f8a3e271b0e9ae7c,True,mscpt_multiscale_description_json,/path/to/PGVL-Gym/train_data/gpt/description/Lung.json,True,,10x,20x,True,False,1043,0,/path/to/PGVL-Gym/benchmarks/tcga/configs/mscpt/nsclc_8shot.yaml,python train.py --method mscpt --config /path/to/PGVL-Gym/benchmarks/tcga/configs/mscpt/nsclc_8shot.yaml
mscpt,mscpt,nsclc,16,low=conch_v1_10x;high=conch_v1_20x,low=10x;high=20x,dual_scale_patch_bag,conch,conch,,,/path/to/model-cache/huggingface/hub/models--MahmoodLab--conch/blobs/40a9644b9ba0e83a74576e0a5e5f7313599fa9c9cdaf3c20f8a3e271b0e9ae7c,True,mscpt_multiscale_description_json,/path/to/PGVL-Gym/train_data/gpt/description/Lung.json,True,,10x,20x,True,False,1043,0,/path/to/PGVL-Gym/benchmarks/tcga/configs/mscpt/nsclc_16shot.yaml,python train.py --method mscpt --config /path/to/PGVL-Gym/benchmarks/tcga/configs/mscpt/nsclc_16shot.yaml
mscpt,mscpt,brca,4,low=conch_v1_10x;high=conch_v1_20x,low=10x;high=20x,dual_scale_patch_bag,conch,conch,,,/path/to/model-cache/huggingface/hub/models--MahmoodLab--conch/blobs/40a9644b9ba0e83a74576e0a5e5f7313599fa9c9cdaf3c20f8a3e271b0e9ae7c,True,mscpt_multiscale_description_json,/path/to/PGVL-Gym/text_prompts/mscpt/description/TCGA_BRCA_IDC_ILC.json,True,,10x,20x,True,False,14,0,/path/to/PGVL-Gym/benchmarks/tcga/configs/mscpt/brca_4shot.yaml,python train.py --method mscpt --config /path/to/PGVL-Gym/benchmarks/tcga/configs/mscpt/brca_4shot.yaml
mscpt,mscpt,brca,8,low=conch_v1_10x;high=conch_v1_20x,low=10x;high=20x,dual_scale_patch_bag,conch,conch,,,/path/to/model-cache/huggingface/hub/models--MahmoodLab--conch/blobs/40a9644b9ba0e83a74576e0a5e5f7313599fa9c9cdaf3c20f8a3e271b0e9ae7c,True,mscpt_multiscale_description_json,/path/to/PGVL-Gym/text_prompts/mscpt/description/TCGA_BRCA_IDC_ILC.json,True,,10x,20x,True,False,14,0,/path/to/PGVL-Gym/benchmarks/tcga/configs/mscpt/brca_8shot.yaml,python train.py --method mscpt --config /path/to/PGVL-Gym/benchmarks/tcga/configs/mscpt/brca_8shot.yaml
mscpt,mscpt,brca,16,low=conch_v1_10x;high=conch_v1_20x,low=10x;high=20x,dual_scale_patch_bag,conch,conch,,,/path/to/model-cache/huggingface/hub/models--MahmoodLab--conch/blobs/40a9644b9ba0e83a74576e0a5e5f7313599fa9c9cdaf3c20f8a3e271b0e9ae7c,True,mscpt_multiscale_description_json,/path/to/PGVL-Gym/text_prompts/mscpt/description/TCGA_BRCA_IDC_ILC.json,True,,10x,20x,True,False,14,0,/path/to/PGVL-Gym/benchmarks/tcga/configs/mscpt/brca_16shot.yaml,python train.py --method mscpt --config /path/to/PGVL-Gym/benchmarks/tcga/configs/mscpt/brca_16shot.yaml
mscpt,mscpt,rcc,4,low=conch_v1_10x;high=conch_v1_20x,low=10x;high=20x,dual_scale_patch_bag,conch,conch,,,/path/to/model-cache/huggingface/hub/models--MahmoodLab--conch/blobs/40a9644b9ba0e83a74576e0a5e5f7313599fa9c9cdaf3c20f8a3e271b0e9ae7c,True,mscpt_multiscale_description_json,/path/to/PGVL-Gym/train_data/gpt/description/RCC.json,True,,10x,20x,True,False,1746,0,/path/to/PGVL-Gym/benchmarks/tcga/configs/mscpt/rcc_4shot.yaml,python train.py --method mscpt --config /path/to/PGVL-Gym/benchmarks/tcga/configs/mscpt/rcc_4shot.yaml
mscpt,mscpt,rcc,8,low=conch_v1_10x;high=conch_v1_20x,low=10x;high=20x,dual_scale_patch_bag,conch,conch,,,/path/to/model-cache/huggingface/hub/models--MahmoodLab--conch/blobs/40a9644b9ba0e83a74576e0a5e5f7313599fa9c9cdaf3c20f8a3e271b0e9ae7c,True,mscpt_multiscale_description_json,/path/to/PGVL-Gym/train_data/gpt/description/RCC.json,True,,10x,20x,True,False,1746,0,/path/to/PGVL-Gym/benchmarks/tcga/configs/mscpt/rcc_8shot.yaml,python train.py --method mscpt --config /path/to/PGVL-Gym/benchmarks/tcga/configs/mscpt/rcc_8shot.yaml
mscpt,mscpt,rcc,16,low=conch_v1_10x;high=conch_v1_20x,low=10x;high=20x,dual_scale_patch_bag,conch,conch,,,/path/to/model-cache/huggingface/hub/models--MahmoodLab--conch/blobs/40a9644b9ba0e83a74576e0a5e5f7313599fa9c9cdaf3c20f8a3e271b0e9ae7c,True,mscpt_multiscale_description_json,/path/to/PGVL-Gym/train_data/gpt/description/RCC.json,True,,10x,20x,True,False,1746,0,/path/to/PGVL-Gym/benchmarks/tcga/configs/mscpt/rcc_16shot.yaml,python train.py --method mscpt --config /path/to/PGVL-Gym/benchmarks/tcga/configs/mscpt/rcc_16shot.yaml
mscpt_5x20x,mscpt,nsclc,4,low=conch_v1_5x;high=conch_v1_20x,low=5x;high=20x,dual_scale_patch_bag,conch,conch,,,/path/to/model-cache/huggingface/hub/models--MahmoodLab--conch/blobs/40a9644b9ba0e83a74576e0a5e5f7313599fa9c9cdaf3c20f8a3e271b0e9ae7c,True,mscpt_multiscale_description_json,/path/to/PGVL-Gym/train_data/gpt/description/Lung.json,True,,5x,20x,True,False,2086,0,/path/to/PGVL-Gym/benchmarks/tcga/configs/mscpt_5x20x/nsclc_4shot.yaml,python train.py --method mscpt --config /path/to/PGVL-Gym/benchmarks/tcga/configs/mscpt_5x20x/nsclc_4shot.yaml
mscpt_5x20x,mscpt,nsclc,8,low=conch_v1_5x;high=conch_v1_20x,low=5x;high=20x,dual_scale_patch_bag,conch,conch,,,/path/to/model-cache/huggingface/hub/models--MahmoodLab--conch/blobs/40a9644b9ba0e83a74576e0a5e5f7313599fa9c9cdaf3c20f8a3e271b0e9ae7c,True,mscpt_multiscale_description_json,/path/to/PGVL-Gym/train_data/gpt/description/Lung.json,True,,5x,20x,True,False,2086,0,/path/to/PGVL-Gym/benchmarks/tcga/configs/mscpt_5x20x/nsclc_8shot.yaml,python train.py --method mscpt --config /path/to/PGVL-Gym/benchmarks/tcga/configs/mscpt_5x20x/nsclc_8shot.yaml
mscpt_5x20x,mscpt,nsclc,16,low=conch_v1_5x;high=conch_v1_20x,low=5x;high=20x,dual_scale_patch_bag,conch,conch,,,/path/to/model-cache/huggingface/hub/models--MahmoodLab--conch/blobs/40a9644b9ba0e83a74576e0a5e5f7313599fa9c9cdaf3c20f8a3e271b0e9ae7c,True,mscpt_multiscale_description_json,/path/to/PGVL-Gym/train_data/gpt/description/Lung.json,True,,5x,20x,True,False,2086,0,/path/to/PGVL-Gym/benchmarks/tcga/configs/mscpt_5x20x/nsclc_16shot.yaml,python train.py --method mscpt --config /path/to/PGVL-Gym/benchmarks/tcga/configs/mscpt_5x20x/nsclc_16shot.yaml
mscpt_5x20x,mscpt,brca,4,low=conch_v1_5x;high=conch_v1_20x,low=5x;high=20x,dual_scale_patch_bag,conch,conch,,,/path/to/model-cache/huggingface/hub/models--MahmoodLab--conch/blobs/40a9644b9ba0e83a74576e0a5e5f7313599fa9c9cdaf3c20f8a3e271b0e9ae7c,True,mscpt_multiscale_description_json,/path/to/PGVL-Gym/text_prompts/mscpt/description/TCGA_BRCA_IDC_ILC.json,True,,5x,20x,True,False,1061,0,/path/to/PGVL-Gym/benchmarks/tcga/configs/mscpt_5x20x/brca_4shot.yaml,python train.py --method mscpt --config /path/to/PGVL-Gym/benchmarks/tcga/configs/mscpt_5x20x/brca_4shot.yaml
mscpt_5x20x,mscpt,brca,8,low=conch_v1_5x;high=conch_v1_20x,low=5x;high=20x,dual_scale_patch_bag,conch,conch,,,/path/to/model-cache/huggingface/hub/models--MahmoodLab--conch/blobs/40a9644b9ba0e83a74576e0a5e5f7313599fa9c9cdaf3c20f8a3e271b0e9ae7c,True,mscpt_multiscale_description_json,/path/to/PGVL-Gym/text_prompts/mscpt/description/TCGA_BRCA_IDC_ILC.json,True,,5x,20x,True,False,1061,0,/path/to/PGVL-Gym/benchmarks/tcga/configs/mscpt_5x20x/brca_8shot.yaml,python train.py --method mscpt --config /path/to/PGVL-Gym/benchmarks/tcga/configs/mscpt_5x20x/brca_8shot.yaml
mscpt_5x20x,mscpt,brca,16,low=conch_v1_5x;high=conch_v1_20x,low=5x;high=20x,dual_scale_patch_bag,conch,conch,,,/path/to/model-cache/huggingface/hub/models--MahmoodLab--conch/blobs/40a9644b9ba0e83a74576e0a5e5f7313599fa9c9cdaf3c20f8a3e271b0e9ae7c,True,mscpt_multiscale_description_json,/path/to/PGVL-Gym/text_prompts/mscpt/description/TCGA_BRCA_IDC_ILC.json,True,,5x,20x,True,False,1061,0,/path/to/PGVL-Gym/benchmarks/tcga/configs/mscpt_5x20x/brca_16shot.yaml,python train.py --method mscpt --config /path/to/PGVL-Gym/benchmarks/tcga/configs/mscpt_5x20x/brca_16shot.yaml
mscpt_5x20x,mscpt,rcc,4,low=conch_v1_5x;high=conch_v1_20x,low=5x;high=20x,dual_scale_patch_bag,conch,conch,,,/path/to/model-cache/huggingface/hub/models--MahmoodLab--conch/blobs/40a9644b9ba0e83a74576e0a5e5f7313599fa9c9cdaf3c20f8a3e271b0e9ae7c,True,mscpt_multiscale_description_json,/path/to/PGVL-Gym/train_data/gpt/description/RCC.json,True,,5x,20x,True,False,1746,0,/path/to/PGVL-Gym/benchmarks/tcga/configs/mscpt_5x20x/rcc_4shot.yaml,python train.py --method mscpt --config /path/to/PGVL-Gym/benchmarks/tcga/configs/mscpt_5x20x/rcc_4shot.yaml
mscpt_5x20x,mscpt,rcc,8,low=conch_v1_5x;high=conch_v1_20x,low=5x;high=20x,dual_scale_patch_bag,conch,conch,,,/path/to/model-cache/huggingface/hub/models--MahmoodLab--conch/blobs/40a9644b9ba0e83a74576e0a5e5f7313599fa9c9cdaf3c20f8a3e271b0e9ae7c,True,mscpt_multiscale_description_json,/path/to/PGVL-Gym/train_data/gpt/description/RCC.json,True,,5x,20x,True,False,1746,0,/path/to/PGVL-Gym/benchmarks/tcga/configs/mscpt_5x20x/rcc_8shot.yaml,python train.py --method mscpt --config /path/to/PGVL-Gym/benchmarks/tcga/configs/mscpt_5x20x/rcc_8shot.yaml
mscpt_5x20x,mscpt,rcc,16,low=conch_v1_5x;high=conch_v1_20x,low=5x;high=20x,dual_scale_patch_bag,conch,conch,,,/path/to/model-cache/huggingface/hub/models--MahmoodLab--conch/blobs/40a9644b9ba0e83a74576e0a5e5f7313599fa9c9cdaf3c20f8a3e271b0e9ae7c,True,mscpt_multiscale_description_json,/path/to/PGVL-Gym/train_data/gpt/description/RCC.json,True,,5x,20x,True,False,1746,0,/path/to/PGVL-Gym/benchmarks/tcga/configs/mscpt_5x20x/rcc_16shot.yaml,python train.py --method mscpt --config /path/to/PGVL-Gym/benchmarks/tcga/configs/mscpt_5x20x/rcc_16shot.yaml
maple,maple,nsclc,4,low=plip_10x;high=plip_20x,low=10x;high=20x,dual_scale_patch_bag,plip,plip,,,/path/to/model-cache/huggingface/hub/models--vinid--plip/snapshots/67ade53ddd32195868f422585f72698ef5d15094,True,maple_attribute_json,/path/to/PGVL-Gym/text_prompts/maple/LUNG_attributes.json,True,,10x,20x,True,False,2086,0,/path/to/PGVL-Gym/benchmarks/tcga/configs/maple/nsclc_4shot.yaml,python train.py --method maple --config /path/to/PGVL-Gym/benchmarks/tcga/configs/maple/nsclc_4shot.yaml
maple,maple,nsclc,8,low=plip_10x;high=plip_20x,low=10x;high=20x,dual_scale_patch_bag,plip,plip,,,/path/to/model-cache/huggingface/hub/models--vinid--plip/snapshots/67ade53ddd32195868f422585f72698ef5d15094,True,maple_attribute_json,/path/to/PGVL-Gym/text_prompts/maple/LUNG_attributes.json,True,,10x,20x,True,False,2086,0,/path/to/PGVL-Gym/benchmarks/tcga/configs/maple/nsclc_8shot.yaml,python train.py --method maple --config /path/to/PGVL-Gym/benchmarks/tcga/configs/maple/nsclc_8shot.yaml
maple,maple,nsclc,16,low=plip_10x;high=plip_20x,low=10x;high=20x,dual_scale_patch_bag,plip,plip,,,/path/to/model-cache/huggingface/hub/models--vinid--plip/snapshots/67ade53ddd32195868f422585f72698ef5d15094,True,maple_attribute_json,/path/to/PGVL-Gym/text_prompts/maple/LUNG_attributes.json,True,,10x,20x,True,False,2086,0,/path/to/PGVL-Gym/benchmarks/tcga/configs/maple/nsclc_16shot.yaml,python train.py --method maple --config /path/to/PGVL-Gym/benchmarks/tcga/configs/maple/nsclc_16shot.yaml
maple,maple,brca,4,low=plip_10x;high=plip_20x,low=10x;high=20x,dual_scale_patch_bag,plip,plip,,,/path/to/model-cache/huggingface/hub/models--vinid--plip/snapshots/67ade53ddd32195868f422585f72698ef5d15094,True,maple_attribute_json,/path/to/PGVL-Gym/text_prompts/maple/BRCA_attributes.json,True,,10x,20x,True,False,2108,0,/path/to/PGVL-Gym/benchmarks/tcga/configs/maple/brca_4shot.yaml,python train.py --method maple --config /path/to/PGVL-Gym/benchmarks/tcga/configs/maple/brca_4shot.yaml
maple,maple,brca,8,low=plip_10x;high=plip_20x,low=10x;high=20x,dual_scale_patch_bag,plip,plip,,,/path/to/model-cache/huggingface/hub/models--vinid--plip/snapshots/67ade53ddd32195868f422585f72698ef5d15094,True,maple_attribute_json,/path/to/PGVL-Gym/text_prompts/maple/BRCA_attributes.json,True,,10x,20x,True,False,2108,0,/path/to/PGVL-Gym/benchmarks/tcga/configs/maple/brca_8shot.yaml,python train.py --method maple --config /path/to/PGVL-Gym/benchmarks/tcga/configs/maple/brca_8shot.yaml
maple,maple,brca,16,low=plip_10x;high=plip_20x,low=10x;high=20x,dual_scale_patch_bag,plip,plip,,,/path/to/model-cache/huggingface/hub/models--vinid--plip/snapshots/67ade53ddd32195868f422585f72698ef5d15094,True,maple_attribute_json,/path/to/PGVL-Gym/text_prompts/maple/BRCA_attributes.json,True,,10x,20x,True,False,2108,0,/path/to/PGVL-Gym/benchmarks/tcga/configs/maple/brca_16shot.yaml,python train.py --method maple --config /path/to/PGVL-Gym/benchmarks/tcga/configs/maple/brca_16shot.yaml
maple,maple,rcc,4,low=plip_10x;high=plip_20x,low=10x;high=20x,dual_scale_patch_bag,plip,plip,,,/path/to/model-cache/huggingface/hub/models--vinid--plip/snapshots/67ade53ddd32195868f422585f72698ef5d15094,True,maple_attribute_json,/path/to/PGVL-Gym/text_prompts/maple/RCC_attributes.json,True,,10x,20x,True,False,1746,0,/path/to/PGVL-Gym/benchmarks/tcga/configs/maple/rcc_4shot.yaml,python train.py --method maple --config /path/to/PGVL-Gym/benchmarks/tcga/configs/maple/rcc_4shot.yaml
maple,maple,rcc,8,low=plip_10x;high=plip_20x,low=10x;high=20x,dual_scale_patch_bag,plip,plip,,,/path/to/model-cache/huggingface/hub/models--vinid--plip/snapshots/67ade53ddd32195868f422585f72698ef5d15094,True,maple_attribute_json,/path/to/PGVL-Gym/text_prompts/maple/RCC_attributes.json,True,,10x,20x,True,False,1746,0,/path/to/PGVL-Gym/benchmarks/tcga/configs/maple/rcc_8shot.yaml,python train.py --method maple --config /path/to/PGVL-Gym/benchmarks/tcga/configs/maple/rcc_8shot.yaml
maple,maple,rcc,16,low=plip_10x;high=plip_20x,low=10x;high=20x,dual_scale_patch_bag,plip,plip,,,/path/to/model-cache/huggingface/hub/models--vinid--plip/snapshots/67ade53ddd32195868f422585f72698ef5d15094,True,maple_attribute_json,/path/to/PGVL-Gym/text_prompts/maple/RCC_attributes.json,True,,10x,20x,True,False,1746,0,/path/to/PGVL-Gym/benchmarks/tcga/configs/maple/rcc_16shot.yaml,python train.py --method maple --config /path/to/PGVL-Gym/benchmarks/tcga/configs/maple/rcc_16shot.yaml
maple_5x20x,maple,nsclc,4,low=plip_5x;high=plip_20x,low=5x;high=20x,dual_scale_patch_bag,plip,plip,,,/path/to/model-cache/huggingface/hub/models--vinid--plip/snapshots/67ade53ddd32195868f422585f72698ef5d15094,True,maple_attribute_json,/path/to/PGVL-Gym/text_prompts/maple/LUNG_attributes.json,True,,5x,20x,True,False,2086,0,/path/to/PGVL-Gym/benchmarks/tcga/configs/maple_5x20x/nsclc_4shot.yaml,python train.py --method maple --config /path/to/PGVL-Gym/benchmarks/tcga/configs/maple_5x20x/nsclc_4shot.yaml
maple_5x20x,maple,nsclc,8,low=plip_5x;high=plip_20x,low=5x;high=20x,dual_scale_patch_bag,plip,plip,,,/path/to/model-cache/huggingface/hub/models--vinid--plip/snapshots/67ade53ddd32195868f422585f72698ef5d15094,True,maple_attribute_json,/path/to/PGVL-Gym/text_prompts/maple/LUNG_attributes.json,True,,5x,20x,True,False,2086,0,/path/to/PGVL-Gym/benchmarks/tcga/configs/maple_5x20x/nsclc_8shot.yaml,python train.py --method maple --config /path/to/PGVL-Gym/benchmarks/tcga/configs/maple_5x20x/nsclc_8shot.yaml
maple_5x20x,maple,nsclc,16,low=plip_5x;high=plip_20x,low=5x;high=20x,dual_scale_patch_bag,plip,plip,,,/path/to/model-cache/huggingface/hub/models--vinid--plip/snapshots/67ade53ddd32195868f422585f72698ef5d15094,True,maple_attribute_json,/path/to/PGVL-Gym/text_prompts/maple/LUNG_attributes.json,True,,5x,20x,True,False,2086,0,/path/to/PGVL-Gym/benchmarks/tcga/configs/maple_5x20x/nsclc_16shot.yaml,python train.py --method maple --config /path/to/PGVL-Gym/benchmarks/tcga/configs/maple_5x20x/nsclc_16shot.yaml
maple_5x20x,maple,brca,4,low=plip_5x;high=plip_20x,low=5x;high=20x,dual_scale_patch_bag,plip,plip,,,/path/to/model-cache/huggingface/hub/models--vinid--plip/snapshots/67ade53ddd32195868f422585f72698ef5d15094,True,maple_attribute_json,/path/to/PGVL-Gym/text_prompts/maple/BRCA_attributes.json,True,,5x,20x,True,False,2108,0,/path/to/PGVL-Gym/benchmarks/tcga/configs/maple_5x20x/brca_4shot.yaml,python train.py --method maple --config /path/to/PGVL-Gym/benchmarks/tcga/configs/maple_5x20x/brca_4shot.yaml
maple_5x20x,maple,brca,8,low=plip_5x;high=plip_20x,low=5x;high=20x,dual_scale_patch_bag,plip,plip,,,/path/to/model-cache/huggingface/hub/models--vinid--plip/snapshots/67ade53ddd32195868f422585f72698ef5d15094,True,maple_attribute_json,/path/to/PGVL-Gym/text_prompts/maple/BRCA_attributes.json,True,,5x,20x,True,False,2108,0,/path/to/PGVL-Gym/benchmarks/tcga/configs/maple_5x20x/brca_8shot.yaml,python train.py --method maple --config /path/to/PGVL-Gym/benchmarks/tcga/configs/maple_5x20x/brca_8shot.yaml
maple_5x20x,maple,brca,16,low=plip_5x;high=plip_20x,low=5x;high=20x,dual_scale_patch_bag,plip,plip,,,/path/to/model-cache/huggingface/hub/models--vinid--plip/snapshots/67ade53ddd32195868f422585f72698ef5d15094,True,maple_attribute_json,/path/to/PGVL-Gym/text_prompts/maple/BRCA_attributes.json,True,,5x,20x,True,False,2108,0,/path/to/PGVL-Gym/benchmarks/tcga/configs/maple_5x20x/brca_16shot.yaml,python train.py --method maple --config /path/to/PGVL-Gym/benchmarks/tcga/configs/maple_5x20x/brca_16shot.yaml
maple_5x20x,maple,rcc,4,low=plip_5x;high=plip_20x,low=5x;high=20x,dual_scale_patch_bag,plip,plip,,,/path/to/model-cache/huggingface/hub/models--vinid--plip/snapshots/67ade53ddd32195868f422585f72698ef5d15094,True,maple_attribute_json,/path/to/PGVL-Gym/text_prompts/maple/RCC_attributes.json,True,,5x,20x,True,False,1746,0,/path/to/PGVL-Gym/benchmarks/tcga/configs/maple_5x20x/rcc_4shot.yaml,python train.py --method maple --config /path/to/PGVL-Gym/benchmarks/tcga/configs/maple_5x20x/rcc_4shot.yaml
maple_5x20x,maple,rcc,8,low=plip_5x;high=plip_20x,low=5x;high=20x,dual_scale_patch_bag,plip,plip,,,/path/to/model-cache/huggingface/hub/models--vinid--plip/snapshots/67ade53ddd32195868f422585f72698ef5d15094,True,maple_attribute_json,/path/to/PGVL-Gym/text_prompts/maple/RCC_attributes.json,True,,5x,20x,True,False,1746,0,/path/to/PGVL-Gym/benchmarks/tcga/configs/maple_5x20x/rcc_8shot.yaml,python train.py --method maple --config /path/to/PGVL-Gym/benchmarks/tcga/configs/maple_5x20x/rcc_8shot.yaml
maple_5x20x,maple,rcc,16,low=plip_5x;high=plip_20x,low=5x;high=20x,dual_scale_patch_bag,plip,plip,,,/path/to/model-cache/huggingface/hub/models--vinid--plip/snapshots/67ade53ddd32195868f422585f72698ef5d15094,True,maple_attribute_json,/path/to/PGVL-Gym/text_prompts/maple/RCC_attributes.json,True,,5x,20x,True,False,1746,0,/path/to/PGVL-Gym/benchmarks/tcga/configs/maple_5x20x/rcc_16shot.yaml,python train.py --method maple --config /path/to/PGVL-Gym/benchmarks/tcga/configs/maple_5x20x/rcc_16shot.yaml
pathpt_musk,pathpt,nsclc,4,bag=musk_10x,bag=10x,patch_bag,musk,musk,,,/path/to/model-cache/model.safetensors,True,pathpt_classname_template,template,True,10x,,,True,True,0,0,/path/to/PGVL-Gym/benchmarks/tcga/configs/pathpt_musk/nsclc_4shot.yaml,python train.py --method pathpt --config /path/to/PGVL-Gym/benchmarks/tcga/configs/pathpt_musk/nsclc_4shot.yaml
pathpt_musk,pathpt,nsclc,8,bag=musk_10x,bag=10x,patch_bag,musk,musk,,,/path/to/model-cache/model.safetensors,True,pathpt_classname_template,template,True,10x,,,True,True,0,0,/path/to/PGVL-Gym/benchmarks/tcga/configs/pathpt_musk/nsclc_8shot.yaml,python train.py --method pathpt --config /path/to/PGVL-Gym/benchmarks/tcga/configs/pathpt_musk/nsclc_8shot.yaml
pathpt_musk,pathpt,nsclc,16,bag=musk_10x,bag=10x,patch_bag,musk,musk,,,/path/to/model-cache/model.safetensors,True,pathpt_classname_template,template,True,10x,,,True,True,0,0,/path/to/PGVL-Gym/benchmarks/tcga/configs/pathpt_musk/nsclc_16shot.yaml,python train.py --method pathpt --config /path/to/PGVL-Gym/benchmarks/tcga/configs/pathpt_musk/nsclc_16shot.yaml
pathpt_musk,pathpt,brca,4,bag=musk_10x,bag=10x,patch_bag,musk,musk,,,/path/to/model-cache/model.safetensors,True,pathpt_classname_template,template,True,10x,,,True,False,7,0,/path/to/PGVL-Gym/benchmarks/tcga/configs/pathpt_musk/brca_4shot.yaml,python train.py --method pathpt --config /path/to/PGVL-Gym/benchmarks/tcga/configs/pathpt_musk/brca_4shot.yaml
pathpt_musk,pathpt,brca,8,bag=musk_10x,bag=10x,patch_bag,musk,musk,,,/path/to/model-cache/model.safetensors,True,pathpt_classname_template,template,True,10x,,,True,False,7,0,/path/to/PGVL-Gym/benchmarks/tcga/configs/pathpt_musk/brca_8shot.yaml,python train.py --method pathpt --config /path/to/PGVL-Gym/benchmarks/tcga/configs/pathpt_musk/brca_8shot.yaml
pathpt_musk,pathpt,brca,16,bag=musk_10x,bag=10x,patch_bag,musk,musk,,,/path/to/model-cache/model.safetensors,True,pathpt_classname_template,template,True,10x,,,True,False,7,0,/path/to/PGVL-Gym/benchmarks/tcga/configs/pathpt_musk/brca_16shot.yaml,python train.py --method pathpt --config /path/to/PGVL-Gym/benchmarks/tcga/configs/pathpt_musk/brca_16shot.yaml
pathpt_musk,pathpt,rcc,4,bag=musk_10x,bag=10x,patch_bag,musk,musk,,,/path/to/model-cache/model.safetensors,True,pathpt_classname_template,template,True,10x,,,True,False,873,0,/path/to/PGVL-Gym/benchmarks/tcga/configs/pathpt_musk/rcc_4shot.yaml,python train.py --method pathpt --config /path/to/PGVL-Gym/benchmarks/tcga/configs/pathpt_musk/rcc_4shot.yaml
pathpt_musk,pathpt,rcc,8,bag=musk_10x,bag=10x,patch_bag,musk,musk,,,/path/to/model-cache/model.safetensors,True,pathpt_classname_template,template,True,10x,,,True,False,873,0,/path/to/PGVL-Gym/benchmarks/tcga/configs/pathpt_musk/rcc_8shot.yaml,python train.py --method pathpt --config /path/to/PGVL-Gym/benchmarks/tcga/configs/pathpt_musk/rcc_8shot.yaml
pathpt_musk,pathpt,rcc,16,bag=musk_10x,bag=10x,patch_bag,musk,musk,,,/path/to/model-cache/model.safetensors,True,pathpt_classname_template,template,True,10x,,,True,False,873,0,/path/to/PGVL-Gym/benchmarks/tcga/configs/pathpt_musk/rcc_16shot.yaml,python train.py --method pathpt --config /path/to/PGVL-Gym/benchmarks/tcga/configs/pathpt_musk/rcc_16shot.yaml
pathpt_keep,pathpt,nsclc,4,bag=keep_20x,bag=20x,patch_bag,keep,keep,,,/path/to/model-cache/huggingface/hub/models--Astaxanthin--KEEP/snapshots/28a25d95cc6ba27a7e6fab3f144e13dbafd8b21e,True,pathpt_classname_template,template,True,20x,,,True,False,1043,0,/path/to/PGVL-Gym/benchmarks/tcga/configs/pathpt_keep/nsclc_4shot.yaml,python train.py --method pathpt --config /path/to/PGVL-Gym/benchmarks/tcga/configs/pathpt_keep/nsclc_4shot.yaml
pathpt_keep,pathpt,nsclc,8,bag=keep_20x,bag=20x,patch_bag,keep,keep,,,/path/to/model-cache/huggingface/hub/models--Astaxanthin--KEEP/snapshots/28a25d95cc6ba27a7e6fab3f144e13dbafd8b21e,True,pathpt_classname_template,template,True,20x,,,True,False,1043,0,/path/to/PGVL-Gym/benchmarks/tcga/configs/pathpt_keep/nsclc_8shot.yaml,python train.py --method pathpt --config /path/to/PGVL-Gym/benchmarks/tcga/configs/pathpt_keep/nsclc_8shot.yaml
pathpt_keep,pathpt,nsclc,16,bag=keep_20x,bag=20x,patch_bag,keep,keep,,,/path/to/model-cache/huggingface/hub/models--Astaxanthin--KEEP/snapshots/28a25d95cc6ba27a7e6fab3f144e13dbafd8b21e,True,pathpt_classname_template,template,True,20x,,,True,False,1043,0,/path/to/PGVL-Gym/benchmarks/tcga/configs/pathpt_keep/nsclc_16shot.yaml,python train.py --method pathpt --config /path/to/PGVL-Gym/benchmarks/tcga/configs/pathpt_keep/nsclc_16shot.yaml
pathpt_keep,pathpt,brca,4,bag=keep_20x,bag=20x,patch_bag,keep,keep,,,/path/to/model-cache/huggingface/hub/models--Astaxanthin--KEEP/snapshots/28a25d95cc6ba27a7e6fab3f144e13dbafd8b21e,True,pathpt_classname_template,template,True,20x,,,True,False,7,0,/path/to/PGVL-Gym/benchmarks/tcga/configs/pathpt_keep/brca_4shot.yaml,python train.py --method pathpt --config /path/to/PGVL-Gym/benchmarks/tcga/configs/pathpt_keep/brca_4shot.yaml
pathpt_keep,pathpt,brca,8,bag=keep_20x,bag=20x,patch_bag,keep,keep,,,/path/to/model-cache/huggingface/hub/models--Astaxanthin--KEEP/snapshots/28a25d95cc6ba27a7e6fab3f144e13dbafd8b21e,True,pathpt_classname_template,template,True,20x,,,True,False,7,0,/path/to/PGVL-Gym/benchmarks/tcga/configs/pathpt_keep/brca_8shot.yaml,python train.py --method pathpt --config /path/to/PGVL-Gym/benchmarks/tcga/configs/pathpt_keep/brca_8shot.yaml
pathpt_keep,pathpt,brca,16,bag=keep_20x,bag=20x,patch_bag,keep,keep,,,/path/to/model-cache/huggingface/hub/models--Astaxanthin--KEEP/snapshots/28a25d95cc6ba27a7e6fab3f144e13dbafd8b21e,True,pathpt_classname_template,template,True,20x,,,True,False,7,0,/path/to/PGVL-Gym/benchmarks/tcga/configs/pathpt_keep/brca_16shot.yaml,python train.py --method pathpt --config /path/to/PGVL-Gym/benchmarks/tcga/configs/pathpt_keep/brca_16shot.yaml
pathpt_keep,pathpt,rcc,4,bag=keep_20x,bag=20x,patch_bag,keep,keep,,,/path/to/model-cache/huggingface/hub/models--Astaxanthin--KEEP/snapshots/28a25d95cc6ba27a7e6fab3f144e13dbafd8b21e,True,pathpt_classname_template,template,True,20x,,,True,False,873,0,/path/to/PGVL-Gym/benchmarks/tcga/configs/pathpt_keep/rcc_4shot.yaml,python train.py --method pathpt --config /path/to/PGVL-Gym/benchmarks/tcga/configs/pathpt_keep/rcc_4shot.yaml
pathpt_keep,pathpt,rcc,8,bag=keep_20x,bag=20x,patch_bag,keep,keep,,,/path/to/model-cache/huggingface/hub/models--Astaxanthin--KEEP/snapshots/28a25d95cc6ba27a7e6fab3f144e13dbafd8b21e,True,pathpt_classname_template,template,True,20x,,,True,False,873,0,/path/to/PGVL-Gym/benchmarks/tcga/configs/pathpt_keep/rcc_8shot.yaml,python train.py --method pathpt --config /path/to/PGVL-Gym/benchmarks/tcga/configs/pathpt_keep/rcc_8shot.yaml
pathpt_keep,pathpt,rcc,16,bag=keep_20x,bag=20x,patch_bag,keep,keep,,,/path/to/model-cache/huggingface/hub/models--Astaxanthin--KEEP/snapshots/28a25d95cc6ba27a7e6fab3f144e13dbafd8b21e,True,pathpt_classname_template,template,True,20x,,,True,False,873,0,/path/to/PGVL-Gym/benchmarks/tcga/configs/pathpt_keep/rcc_16shot.yaml,python train.py --method pathpt --config /path/to/PGVL-Gym/benchmarks/tcga/configs/pathpt_keep/rcc_16shot.yaml
vila_mil,vila_mil,nsclc,4,low=clip_rn50_5x;high=clip_rn50_20x,low=5x;high=20x,dual_scale_patch_bag,clip-rn50,clip-rn50,,,/path/to/model-cache/clip/RN50.pt,True,vila_two_scale_csv,/path/to/PGVL-Gym/text_prompts/focus/TCGA_NSCLC_two_scale_text_prompt.csv,True,,5x,20x,True,False,2086,0,/path/to/PGVL-Gym/benchmarks/tcga/configs/vila_mil/nsclc_4shot.yaml,python train.py --method vila_mil --config /path/to/PGVL-Gym/benchmarks/tcga/configs/vila_mil/nsclc_4shot.yaml
vila_mil,vila_mil,nsclc,8,low=clip_rn50_5x;high=clip_rn50_20x,low=5x;high=20x,dual_scale_patch_bag,clip-rn50,clip-rn50,,,/path/to/model-cache/clip/RN50.pt,True,vila_two_scale_csv,/path/to/PGVL-Gym/text_prompts/focus/TCGA_NSCLC_two_scale_text_prompt.csv,True,,5x,20x,True,False,2086,0,/path/to/PGVL-Gym/benchmarks/tcga/configs/vila_mil/nsclc_8shot.yaml,python train.py --method vila_mil --config /path/to/PGVL-Gym/benchmarks/tcga/configs/vila_mil/nsclc_8shot.yaml
vila_mil,vila_mil,nsclc,16,low=clip_rn50_5x;high=clip_rn50_20x,low=5x;high=20x,dual_scale_patch_bag,clip-rn50,clip-rn50,,,/path/to/model-cache/clip/RN50.pt,True,vila_two_scale_csv,/path/to/PGVL-Gym/text_prompts/focus/TCGA_NSCLC_two_scale_text_prompt.csv,True,,5x,20x,True,False,2086,0,/path/to/PGVL-Gym/benchmarks/tcga/configs/vila_mil/nsclc_16shot.yaml,python train.py --method vila_mil --config /path/to/PGVL-Gym/benchmarks/tcga/configs/vila_mil/nsclc_16shot.yaml
vila_mil,vila_mil,brca,4,low=clip_rn50_5x;high=clip_rn50_20x,low=5x;high=20x,dual_scale_patch_bag,clip-rn50,clip-rn50,,,/path/to/model-cache/clip/RN50.pt,True,vila_two_scale_csv,/path/to/PGVL-Gym/text_prompts/focus/TCGA_BRCA_two_scale_text_prompt.csv,True,,5x,20x,True,False,2108,0,/path/to/PGVL-Gym/benchmarks/tcga/configs/vila_mil/brca_4shot.yaml,python train.py --method vila_mil --config /path/to/PGVL-Gym/benchmarks/tcga/configs/vila_mil/brca_4shot.yaml
vila_mil,vila_mil,brca,8,low=clip_rn50_5x;high=clip_rn50_20x,low=5x;high=20x,dual_scale_patch_bag,clip-rn50,clip-rn50,,,/path/to/model-cache/clip/RN50.pt,True,vila_two_scale_csv,/path/to/PGVL-Gym/text_prompts/focus/TCGA_BRCA_two_scale_text_prompt.csv,True,,5x,20x,True,False,2108,0,/path/to/PGVL-Gym/benchmarks/tcga/configs/vila_mil/brca_8shot.yaml,python train.py --method vila_mil --config /path/to/PGVL-Gym/benchmarks/tcga/configs/vila_mil/brca_8shot.yaml
vila_mil,vila_mil,brca,16,low=clip_rn50_5x;high=clip_rn50_20x,low=5x;high=20x,dual_scale_patch_bag,clip-rn50,clip-rn50,,,/path/to/model-cache/clip/RN50.pt,True,vila_two_scale_csv,/path/to/PGVL-Gym/text_prompts/focus/TCGA_BRCA_two_scale_text_prompt.csv,True,,5x,20x,True,False,2108,0,/path/to/PGVL-Gym/benchmarks/tcga/configs/vila_mil/brca_16shot.yaml,python train.py --method vila_mil --config /path/to/PGVL-Gym/benchmarks/tcga/configs/vila_mil/brca_16shot.yaml
vila_mil,vila_mil,rcc,4,low=clip_rn50_5x;high=clip_rn50_20x,low=5x;high=20x,dual_scale_patch_bag,clip-rn50,clip-rn50,,,/path/to/model-cache/clip/RN50.pt,True,vila_two_scale_csv,/path/to/PGVL-Gym/text_prompts/focus/TCGA_RCC_two_scale_text_prompt.csv,True,,5x,20x,True,False,1746,0,/path/to/PGVL-Gym/benchmarks/tcga/configs/vila_mil/rcc_4shot.yaml,python train.py --method vila_mil --config /path/to/PGVL-Gym/benchmarks/tcga/configs/vila_mil/rcc_4shot.yaml
vila_mil,vila_mil,rcc,8,low=clip_rn50_5x;high=clip_rn50_20x,low=5x;high=20x,dual_scale_patch_bag,clip-rn50,clip-rn50,,,/path/to/model-cache/clip/RN50.pt,True,vila_two_scale_csv,/path/to/PGVL-Gym/text_prompts/focus/TCGA_RCC_two_scale_text_prompt.csv,True,,5x,20x,True,False,1746,0,/path/to/PGVL-Gym/benchmarks/tcga/configs/vila_mil/rcc_8shot.yaml,python train.py --method vila_mil --config /path/to/PGVL-Gym/benchmarks/tcga/configs/vila_mil/rcc_8shot.yaml
vila_mil,vila_mil,rcc,16,low=clip_rn50_5x;high=clip_rn50_20x,low=5x;high=20x,dual_scale_patch_bag,clip-rn50,clip-rn50,,,/path/to/model-cache/clip/RN50.pt,True,vila_two_scale_csv,/path/to/PGVL-Gym/text_prompts/focus/TCGA_RCC_two_scale_text_prompt.csv,True,,5x,20x,True,False,1746,0,/path/to/PGVL-Gym/benchmarks/tcga/configs/vila_mil/rcc_16shot.yaml,python train.py --method vila_mil --config /path/to/PGVL-Gym/benchmarks/tcga/configs/vila_mil/rcc_16shot.yaml
cod_mil,cod_mil,nsclc,4,low=clip_rn50_5x;high=clip_rn50_20x,low=5x;high=20x,dual_scale_patch_bag,clip-rn50,clip-rn50,,,/path/to/model-cache/clip/RN50.pt,True,cod_chain_precomputed_clip_rn50,/path/to/PGVL-Gym/text_prompts/cod_mil/nsclc_chain_of_diagnosis.json,True,,5x,20x,False,False,2086,1043,/path/to/PGVL-Gym/benchmarks/tcga/configs/cod_mil/nsclc_4shot.yaml,python train.py --method cod_mil --config /path/to/PGVL-Gym/benchmarks/tcga/configs/cod_mil/nsclc_4shot.yaml
cod_mil,cod_mil,nsclc,8,low=clip_rn50_5x;high=clip_rn50_20x,low=5x;high=20x,dual_scale_patch_bag,clip-rn50,clip-rn50,,,/path/to/model-cache/clip/RN50.pt,True,cod_chain_precomputed_clip_rn50,/path/to/PGVL-Gym/text_prompts/cod_mil/nsclc_chain_of_diagnosis.json,True,,5x,20x,False,False,2086,1043,/path/to/PGVL-Gym/benchmarks/tcga/configs/cod_mil/nsclc_8shot.yaml,python train.py --method cod_mil --config /path/to/PGVL-Gym/benchmarks/tcga/configs/cod_mil/nsclc_8shot.yaml
cod_mil,cod_mil,nsclc,16,low=clip_rn50_5x;high=clip_rn50_20x,low=5x;high=20x,dual_scale_patch_bag,clip-rn50,clip-rn50,,,/path/to/model-cache/clip/RN50.pt,True,cod_chain_precomputed_clip_rn50,/path/to/PGVL-Gym/text_prompts/cod_mil/nsclc_chain_of_diagnosis.json,True,,5x,20x,False,False,2086,1043,/path/to/PGVL-Gym/benchmarks/tcga/configs/cod_mil/nsclc_16shot.yaml,python train.py --method cod_mil --config /path/to/PGVL-Gym/benchmarks/tcga/configs/cod_mil/nsclc_16shot.yaml
cod_mil,cod_mil,brca,4,low=clip_rn50_5x;high=clip_rn50_20x,low=5x;high=20x,dual_scale_patch_bag,clip-rn50,clip-rn50,,,/path/to/model-cache/clip/RN50.pt,True,cod_chain_precomputed_clip_rn50,/path/to/PGVL-Gym/text_prompts/cod_mil/brca_chain_of_diagnosis.json,True,,5x,20x,False,False,2108,1054,/path/to/PGVL-Gym/benchmarks/tcga/configs/cod_mil/brca_4shot.yaml,python train.py --method cod_mil --config /path/to/PGVL-Gym/benchmarks/tcga/configs/cod_mil/brca_4shot.yaml
cod_mil,cod_mil,brca,8,low=clip_rn50_5x;high=clip_rn50_20x,low=5x;high=20x,dual_scale_patch_bag,clip-rn50,clip-rn50,,,/path/to/model-cache/clip/RN50.pt,True,cod_chain_precomputed_clip_rn50,/path/to/PGVL-Gym/text_prompts/cod_mil/brca_chain_of_diagnosis.json,True,,5x,20x,False,False,2108,1054,/path/to/PGVL-Gym/benchmarks/tcga/configs/cod_mil/brca_8shot.yaml,python train.py --method cod_mil --config /path/to/PGVL-Gym/benchmarks/tcga/configs/cod_mil/brca_8shot.yaml
cod_mil,cod_mil,brca,16,low=clip_rn50_5x;high=clip_rn50_20x,low=5x;high=20x,dual_scale_patch_bag,clip-rn50,clip-rn50,,,/path/to/model-cache/clip/RN50.pt,True,cod_chain_precomputed_clip_rn50,/path/to/PGVL-Gym/text_prompts/cod_mil/brca_chain_of_diagnosis.json,True,,5x,20x,False,False,2108,1054,/path/to/PGVL-Gym/benchmarks/tcga/configs/cod_mil/brca_16shot.yaml,python train.py --method cod_mil --config /path/to/PGVL-Gym/benchmarks/tcga/configs/cod_mil/brca_16shot.yaml
cod_mil,cod_mil,rcc,4,low=clip_rn50_5x;high=clip_rn50_20x,low=5x;high=20x,dual_scale_patch_bag,clip-rn50,clip-rn50,,,/path/to/model-cache/clip/RN50.pt,True,cod_chain_precomputed_clip_rn50,/path/to/PGVL-Gym/text_prompts/cod_mil/rcc_chain_of_diagnosis.json,True,,5x,20x,False,False,1746,873,/path/to/PGVL-Gym/benchmarks/tcga/configs/cod_mil/rcc_4shot.yaml,python train.py --method cod_mil --config /path/to/PGVL-Gym/benchmarks/tcga/configs/cod_mil/rcc_4shot.yaml
cod_mil,cod_mil,rcc,8,low=clip_rn50_5x;high=clip_rn50_20x,low=5x;high=20x,dual_scale_patch_bag,clip-rn50,clip-rn50,,,/path/to/model-cache/clip/RN50.pt,True,cod_chain_precomputed_clip_rn50,/path/to/PGVL-Gym/text_prompts/cod_mil/rcc_chain_of_diagnosis.json,True,,5x,20x,False,False,1746,873,/path/to/PGVL-Gym/benchmarks/tcga/configs/cod_mil/rcc_8shot.yaml,python train.py --method cod_mil --config /path/to/PGVL-Gym/benchmarks/tcga/configs/cod_mil/rcc_8shot.yaml
cod_mil,cod_mil,rcc,16,low=clip_rn50_5x;high=clip_rn50_20x,low=5x;high=20x,dual_scale_patch_bag,clip-rn50,clip-rn50,,,/path/to/model-cache/clip/RN50.pt,True,cod_chain_precomputed_clip_rn50,/path/to/PGVL-Gym/text_prompts/cod_mil/rcc_chain_of_diagnosis.json,True,,5x,20x,False,False,1746,873,/path/to/PGVL-Gym/benchmarks/tcga/configs/cod_mil/rcc_16shot.yaml,python train.py --method cod_mil --config /path/to/PGVL-Gym/benchmarks/tcga/configs/cod_mil/rcc_16shot.yaml
top,top,nsclc,4,bag=clip_rn50_10x,bag=10x,patch_bag,clip-rn50,clip-rn50,,,/path/to/model-cache/clip/RN50.pt,True,top_learnable_bag_and_instance_context,,True,10x,,,True,False,1043,0,/path/to/PGVL-Gym/benchmarks/tcga/configs/top/nsclc_4shot.yaml,python train.py --method top --config /path/to/PGVL-Gym/benchmarks/tcga/configs/top/nsclc_4shot.yaml
top,top,nsclc,8,bag=clip_rn50_10x,bag=10x,patch_bag,clip-rn50,clip-rn50,,,/path/to/model-cache/clip/RN50.pt,True,top_learnable_bag_and_instance_context,,True,10x,,,True,False,1043,0,/path/to/PGVL-Gym/benchmarks/tcga/configs/top/nsclc_8shot.yaml,python train.py --method top --config /path/to/PGVL-Gym/benchmarks/tcga/configs/top/nsclc_8shot.yaml
top,top,nsclc,16,bag=clip_rn50_10x,bag=10x,patch_bag,clip-rn50,clip-rn50,,,/path/to/model-cache/clip/RN50.pt,True,top_learnable_bag_and_instance_context,,True,10x,,,True,False,1043,0,/path/to/PGVL-Gym/benchmarks/tcga/configs/top/nsclc_16shot.yaml,python train.py --method top --config /path/to/PGVL-Gym/benchmarks/tcga/configs/top/nsclc_16shot.yaml
top,top,brca,4,bag=clip_rn50_10x,bag=10x,patch_bag,clip-rn50,clip-rn50,,,/path/to/model-cache/clip/RN50.pt,True,top_learnable_bag_and_instance_context,,True,10x,,,True,False,1054,0,/path/to/PGVL-Gym/benchmarks/tcga/configs/top/brca_4shot.yaml,python train.py --method top --config /path/to/PGVL-Gym/benchmarks/tcga/configs/top/brca_4shot.yaml
top,top,brca,8,bag=clip_rn50_10x,bag=10x,patch_bag,clip-rn50,clip-rn50,,,/path/to/model-cache/clip/RN50.pt,True,top_learnable_bag_and_instance_context,,True,10x,,,True,False,1054,0,/path/to/PGVL-Gym/benchmarks/tcga/configs/top/brca_8shot.yaml,python train.py --method top --config /path/to/PGVL-Gym/benchmarks/tcga/configs/top/brca_8shot.yaml
top,top,brca,16,bag=clip_rn50_10x,bag=10x,patch_bag,clip-rn50,clip-rn50,,,/path/to/model-cache/clip/RN50.pt,True,top_learnable_bag_and_instance_context,,True,10x,,,True,False,1054,0,/path/to/PGVL-Gym/benchmarks/tcga/configs/top/brca_16shot.yaml,python train.py --method top --config /path/to/PGVL-Gym/benchmarks/tcga/configs/top/brca_16shot.yaml
top,top,rcc,4,bag=clip_rn50_10x,bag=10x,patch_bag,clip-rn50,clip-rn50,,,/path/to/model-cache/clip/RN50.pt,True,top_learnable_bag_and_instance_context,,True,10x,,,True,False,873,0,/path/to/PGVL-Gym/benchmarks/tcga/configs/top/rcc_4shot.yaml,python train.py --method top --config /path/to/PGVL-Gym/benchmarks/tcga/configs/top/rcc_4shot.yaml
top,top,rcc,8,bag=clip_rn50_10x,bag=10x,patch_bag,clip-rn50,clip-rn50,,,/path/to/model-cache/clip/RN50.pt,True,top_learnable_bag_and_instance_context,,True,10x,,,True,False,873,0,/path/to/PGVL-Gym/benchmarks/tcga/configs/top/rcc_8shot.yaml,python train.py --method top --config /path/to/PGVL-Gym/benchmarks/tcga/configs/top/rcc_8shot.yaml
top,top,rcc,16,bag=clip_rn50_10x,bag=10x,patch_bag,clip-rn50,clip-rn50,,,/path/to/model-cache/clip/RN50.pt,True,top_learnable_bag_and_instance_context,,True,10x,,,True,False,873,0,/path/to/PGVL-Gym/benchmarks/tcga/configs/top/rcc_16shot.yaml,python train.py --method top --config /path/to/PGVL-Gym/benchmarks/tcga/configs/top/rcc_16shot.yaml
slip,slip,nsclc,4,bag=clip_rn50_10x,bag=10x,patch_bag,clip-rn50,clip-rn50,,,/path/to/model-cache/clip/RN50.pt,True,slip_class_and_tissue_context,/path/to/PGVL-Gym/text_prompts/slip/tcga_nsclc_tissues.json,True,10x,,,True,False,1043,0,/path/to/PGVL-Gym/benchmarks/tcga/configs/slip/nsclc_4shot.yaml,python train.py --method slip --config /path/to/PGVL-Gym/benchmarks/tcga/configs/slip/nsclc_4shot.yaml
slip,slip,nsclc,8,bag=clip_rn50_10x,bag=10x,patch_bag,clip-rn50,clip-rn50,,,/path/to/model-cache/clip/RN50.pt,True,slip_class_and_tissue_context,/path/to/PGVL-Gym/text_prompts/slip/tcga_nsclc_tissues.json,True,10x,,,True,False,1043,0,/path/to/PGVL-Gym/benchmarks/tcga/configs/slip/nsclc_8shot.yaml,python train.py --method slip --config /path/to/PGVL-Gym/benchmarks/tcga/configs/slip/nsclc_8shot.yaml
slip,slip,nsclc,16,bag=clip_rn50_10x,bag=10x,patch_bag,clip-rn50,clip-rn50,,,/path/to/model-cache/clip/RN50.pt,True,slip_class_and_tissue_context,/path/to/PGVL-Gym/text_prompts/slip/tcga_nsclc_tissues.json,True,10x,,,True,False,1043,0,/path/to/PGVL-Gym/benchmarks/tcga/configs/slip/nsclc_16shot.yaml,python train.py --method slip --config /path/to/PGVL-Gym/benchmarks/tcga/configs/slip/nsclc_16shot.yaml
slip,slip,brca,4,bag=clip_rn50_10x,bag=10x,patch_bag,clip-rn50,clip-rn50,,,/path/to/model-cache/clip/RN50.pt,True,slip_class_and_tissue_context,/path/to/PGVL-Gym/text_prompts/slip/tcga_brca_tissues.json,True,10x,,,True,False,1054,0,/path/to/PGVL-Gym/benchmarks/tcga/configs/slip/brca_4shot.yaml,python train.py --method slip --config /path/to/PGVL-Gym/benchmarks/tcga/configs/slip/brca_4shot.yaml
slip,slip,brca,8,bag=clip_rn50_10x,bag=10x,patch_bag,clip-rn50,clip-rn50,,,/path/to/model-cache/clip/RN50.pt,True,slip_class_and_tissue_context,/path/to/PGVL-Gym/text_prompts/slip/tcga_brca_tissues.json,True,10x,,,True,False,1054,0,/path/to/PGVL-Gym/benchmarks/tcga/configs/slip/brca_8shot.yaml,python train.py --method slip --config /path/to/PGVL-Gym/benchmarks/tcga/configs/slip/brca_8shot.yaml
slip,slip,brca,16,bag=clip_rn50_10x,bag=10x,patch_bag,clip-rn50,clip-rn50,,,/path/to/model-cache/clip/RN50.pt,True,slip_class_and_tissue_context,/path/to/PGVL-Gym/text_prompts/slip/tcga_brca_tissues.json,True,10x,,,True,False,1054,0,/path/to/PGVL-Gym/benchmarks/tcga/configs/slip/brca_16shot.yaml,python train.py --method slip --config /path/to/PGVL-Gym/benchmarks/tcga/configs/slip/brca_16shot.yaml
slip,slip,rcc,4,bag=clip_rn50_10x,bag=10x,patch_bag,clip-rn50,clip-rn50,,,/path/to/model-cache/clip/RN50.pt,True,slip_class_and_tissue_context,/path/to/PGVL-Gym/text_prompts/slip/tcga_rcc_tissues.json,True,10x,,,True,False,873,0,/path/to/PGVL-Gym/benchmarks/tcga/configs/slip/rcc_4shot.yaml,python train.py --method slip --config /path/to/PGVL-Gym/benchmarks/tcga/configs/slip/rcc_4shot.yaml
slip,slip,rcc,8,bag=clip_rn50_10x,bag=10x,patch_bag,clip-rn50,clip-rn50,,,/path/to/model-cache/clip/RN50.pt,True,slip_class_and_tissue_context,/path/to/PGVL-Gym/text_prompts/slip/tcga_rcc_tissues.json,True,10x,,,True,False,873,0,/path/to/PGVL-Gym/benchmarks/tcga/configs/slip/rcc_8shot.yaml,python train.py --method slip --config /path/to/PGVL-Gym/benchmarks/tcga/configs/slip/rcc_8shot.yaml
slip,slip,rcc,16,bag=clip_rn50_10x,bag=10x,patch_bag,clip-rn50,clip-rn50,,,/path/to/model-cache/clip/RN50.pt,True,slip_class_and_tissue_context,/path/to/PGVL-Gym/text_prompts/slip/tcga_rcc_tissues.json,True,10x,,,True,False,873,0,/path/to/PGVL-Gym/benchmarks/tcga/configs/slip/rcc_16shot.yaml,python train.py --method slip --config /path/to/PGVL-Gym/benchmarks/tcga/configs/slip/rcc_16shot.yaml
wsi_five,wsi_five,nsclc,4,bag=wsi_five_medclip_20x,bag=20x,patch_sequence_with_report,wsi-five-vit,wsi-five-vit,,,/path/to/PGVL-Gym/checkpoints/wsi_five/medclip_vit.bin,False,wsi_five_clinicalbert_reports_and_classnames,/path/to/PGVL-Gym/methods/wsi_five/gpt_preprocess/TCGA_Reports.csv,True,20x,,,False,False,1043,67,/path/to/PGVL-Gym/benchmarks/tcga/configs/wsi_five/nsclc_4shot.yaml,python train.py --method wsi_five --config /path/to/PGVL-Gym/benchmarks/tcga/configs/wsi_five/nsclc_4shot.yaml
wsi_five,wsi_five,nsclc,8,bag=wsi_five_medclip_20x,bag=20x,patch_sequence_with_report,wsi-five-vit,wsi-five-vit,,,/path/to/PGVL-Gym/checkpoints/wsi_five/medclip_vit.bin,False,wsi_five_clinicalbert_reports_and_classnames,/path/to/PGVL-Gym/methods/wsi_five/gpt_preprocess/TCGA_Reports.csv,True,20x,,,False,False,1043,67,/path/to/PGVL-Gym/benchmarks/tcga/configs/wsi_five/nsclc_8shot.yaml,python train.py --method wsi_five --config /path/to/PGVL-Gym/benchmarks/tcga/configs/wsi_five/nsclc_8shot.yaml
wsi_five,wsi_five,nsclc,16,bag=wsi_five_medclip_20x,bag=20x,patch_sequence_with_report,wsi-five-vit,wsi-five-vit,,,/path/to/PGVL-Gym/checkpoints/wsi_five/medclip_vit.bin,False,wsi_five_clinicalbert_reports_and_classnames,/path/to/PGVL-Gym/methods/wsi_five/gpt_preprocess/TCGA_Reports.csv,True,20x,,,False,False,1043,67,/path/to/PGVL-Gym/benchmarks/tcga/configs/wsi_five/nsclc_16shot.yaml,python train.py --method wsi_five --config /path/to/PGVL-Gym/benchmarks/tcga/configs/wsi_five/nsclc_16shot.yaml
wsi_five,wsi_five,brca,4,bag=wsi_five_medclip_20x,bag=20x,patch_sequence_with_report,wsi-five-vit,wsi-five-vit,,,/path/to/PGVL-Gym/checkpoints/wsi_five/medclip_vit.bin,False,wsi_five_clinicalbert_reports_and_classnames,/path/to/PGVL-Gym/methods/wsi_five/gpt_preprocess/TCGA_Reports.csv,True,20x,,,False,False,1054,58,/path/to/PGVL-Gym/benchmarks/tcga/configs/wsi_five/brca_4shot.yaml,python train.py --method wsi_five --config /path/to/PGVL-Gym/benchmarks/tcga/configs/wsi_five/brca_4shot.yaml
wsi_five,wsi_five,brca,8,bag=wsi_five_medclip_20x,bag=20x,patch_sequence_with_report,wsi-five-vit,wsi-five-vit,,,/path/to/PGVL-Gym/checkpoints/wsi_five/medclip_vit.bin,False,wsi_five_clinicalbert_reports_and_classnames,/path/to/PGVL-Gym/methods/wsi_five/gpt_preprocess/TCGA_Reports.csv,True,20x,,,False,False,1054,58,/path/to/PGVL-Gym/benchmarks/tcga/configs/wsi_five/brca_8shot.yaml,python train.py --method wsi_five --config /path/to/PGVL-Gym/benchmarks/tcga/configs/wsi_five/brca_8shot.yaml
wsi_five,wsi_five,brca,16,bag=wsi_five_medclip_20x,bag=20x,patch_sequence_with_report,wsi-five-vit,wsi-five-vit,,,/path/to/PGVL-Gym/checkpoints/wsi_five/medclip_vit.bin,False,wsi_five_clinicalbert_reports_and_classnames,/path/to/PGVL-Gym/methods/wsi_five/gpt_preprocess/TCGA_Reports.csv,True,20x,,,False,False,1054,58,/path/to/PGVL-Gym/benchmarks/tcga/configs/wsi_five/brca_16shot.yaml,python train.py --method wsi_five --config /path/to/PGVL-Gym/benchmarks/tcga/configs/wsi_five/brca_16shot.yaml
wsi_five,wsi_five,rcc,4,bag=wsi_five_medclip_20x,bag=20x,patch_sequence_with_report,wsi-five-vit,wsi-five-vit,,,/path/to/PGVL-Gym/checkpoints/wsi_five/medclip_vit.bin,False,wsi_five_clinicalbert_reports_and_classnames,/path/to/PGVL-Gym/methods/wsi_five/gpt_preprocess/TCGA_Reports.csv,True,20x,,,False,False,873,28,/path/to/PGVL-Gym/benchmarks/tcga/configs/wsi_five/rcc_4shot.yaml,python train.py --method wsi_five --config /path/to/PGVL-Gym/benchmarks/tcga/configs/wsi_five/rcc_4shot.yaml
wsi_five,wsi_five,rcc,8,bag=wsi_five_medclip_20x,bag=20x,patch_sequence_with_report,wsi-five-vit,wsi-five-vit,,,/path/to/PGVL-Gym/checkpoints/wsi_five/medclip_vit.bin,False,wsi_five_clinicalbert_reports_and_classnames,/path/to/PGVL-Gym/methods/wsi_five/gpt_preprocess/TCGA_Reports.csv,True,20x,,,False,False,873,28,/path/to/PGVL-Gym/benchmarks/tcga/configs/wsi_five/rcc_8shot.yaml,python train.py --method wsi_five --config /path/to/PGVL-Gym/benchmarks/tcga/configs/wsi_five/rcc_8shot.yaml
wsi_five,wsi_five,rcc,16,bag=wsi_five_medclip_20x,bag=20x,patch_sequence_with_report,wsi-five-vit,wsi-five-vit,,,/path/to/PGVL-Gym/checkpoints/wsi_five/medclip_vit.bin,False,wsi_five_clinicalbert_reports_and_classnames,/path/to/PGVL-Gym/methods/wsi_five/gpt_preprocess/TCGA_Reports.csv,True,20x,,,False,False,873,28,/path/to/PGVL-Gym/benchmarks/tcga/configs/wsi_five/rcc_16shot.yaml,python train.py --method wsi_five --config /path/to/PGVL-Gym/benchmarks/tcga/configs/wsi_five/rcc_16shot.yaml
sldpc,sldpc,nsclc,4,bag=titan_slide_20x,bag=20x,slide_embedding,titan,titan,titan,native,/path/to/model-cache/huggingface/hub/models--MahmoodLab--TITAN/snapshots/dac6773d9961cfc75503440676ff157a2c6e8d2e,True,sldpc_learnable_context_from_classnames,/path/to/PGVL-Gym/text_prompts/sldpc/tcga_nsclc.yaml,True,20x,,,True,True,0,0,/path/to/PGVL-Gym/benchmarks/tcga/configs/sldpc/nsclc_4shot.yaml,python train.py --method sldpc --config /path/to/PGVL-Gym/benchmarks/tcga/configs/sldpc/nsclc_4shot.yaml
sldpc,sldpc,nsclc,8,bag=titan_slide_20x,bag=20x,slide_embedding,titan,titan,titan,native,/path/to/model-cache/huggingface/hub/models--MahmoodLab--TITAN/snapshots/dac6773d9961cfc75503440676ff157a2c6e8d2e,True,sldpc_learnable_context_from_classnames,/path/to/PGVL-Gym/text_prompts/sldpc/tcga_nsclc.yaml,True,20x,,,True,True,0,0,/path/to/PGVL-Gym/benchmarks/tcga/configs/sldpc/nsclc_8shot.yaml,python train.py --method sldpc --config /path/to/PGVL-Gym/benchmarks/tcga/configs/sldpc/nsclc_8shot.yaml
sldpc,sldpc,nsclc,16,bag=titan_slide_20x,bag=20x,slide_embedding,titan,titan,titan,native,/path/to/model-cache/huggingface/hub/models--MahmoodLab--TITAN/snapshots/dac6773d9961cfc75503440676ff157a2c6e8d2e,True,sldpc_learnable_context_from_classnames,/path/to/PGVL-Gym/text_prompts/sldpc/tcga_nsclc.yaml,True,20x,,,True,True,0,0,/path/to/PGVL-Gym/benchmarks/tcga/configs/sldpc/nsclc_16shot.yaml,python train.py --method sldpc --config /path/to/PGVL-Gym/benchmarks/tcga/configs/sldpc/nsclc_16shot.yaml
sldpc,sldpc,brca,4,bag=titan_slide_20x,bag=20x,slide_embedding,titan,titan,titan,native,/path/to/model-cache/huggingface/hub/models--MahmoodLab--TITAN/snapshots/dac6773d9961cfc75503440676ff157a2c6e8d2e,True,sldpc_learnable_context_from_classnames,/path/to/PGVL-Gym/text_prompts/sldpc/tcga_brca.yaml,True,20x,,,True,False,7,0,/path/to/PGVL-Gym/benchmarks/tcga/configs/sldpc/brca_4shot.yaml,python train.py --method sldpc --config /path/to/PGVL-Gym/benchmarks/tcga/configs/sldpc/brca_4shot.yaml
sldpc,sldpc,brca,8,bag=titan_slide_20x,bag=20x,slide_embedding,titan,titan,titan,native,/path/to/model-cache/huggingface/hub/models--MahmoodLab--TITAN/snapshots/dac6773d9961cfc75503440676ff157a2c6e8d2e,True,sldpc_learnable_context_from_classnames,/path/to/PGVL-Gym/text_prompts/sldpc/tcga_brca.yaml,True,20x,,,True,False,7,0,/path/to/PGVL-Gym/benchmarks/tcga/configs/sldpc/brca_8shot.yaml,python train.py --method sldpc --config /path/to/PGVL-Gym/benchmarks/tcga/configs/sldpc/brca_8shot.yaml
sldpc,sldpc,brca,16,bag=titan_slide_20x,bag=20x,slide_embedding,titan,titan,titan,native,/path/to/model-cache/huggingface/hub/models--MahmoodLab--TITAN/snapshots/dac6773d9961cfc75503440676ff157a2c6e8d2e,True,sldpc_learnable_context_from_classnames,/path/to/PGVL-Gym/text_prompts/sldpc/tcga_brca.yaml,True,20x,,,True,False,7,0,/path/to/PGVL-Gym/benchmarks/tcga/configs/sldpc/brca_16shot.yaml,python train.py --method sldpc --config /path/to/PGVL-Gym/benchmarks/tcga/configs/sldpc/brca_16shot.yaml
sldpc,sldpc,rcc,4,bag=titan_slide_20x,bag=20x,slide_embedding,titan,titan,titan,native,/path/to/model-cache/huggingface/hub/models--MahmoodLab--TITAN/snapshots/dac6773d9961cfc75503440676ff157a2c6e8d2e,True,sldpc_learnable_context_from_classnames,/path/to/PGVL-Gym/text_prompts/sldpc/tcga_rcc.yaml,True,20x,,,True,False,873,0,/path/to/PGVL-Gym/benchmarks/tcga/configs/sldpc/rcc_4shot.yaml,python train.py --method sldpc --config /path/to/PGVL-Gym/benchmarks/tcga/configs/sldpc/rcc_4shot.yaml
sldpc,sldpc,rcc,8,bag=titan_slide_20x,bag=20x,slide_embedding,titan,titan,titan,native,/path/to/model-cache/huggingface/hub/models--MahmoodLab--TITAN/snapshots/dac6773d9961cfc75503440676ff157a2c6e8d2e,True,sldpc_learnable_context_from_classnames,/path/to/PGVL-Gym/text_prompts/sldpc/tcga_rcc.yaml,True,20x,,,True,False,873,0,/path/to/PGVL-Gym/benchmarks/tcga/configs/sldpc/rcc_8shot.yaml,python train.py --method sldpc --config /path/to/PGVL-Gym/benchmarks/tcga/configs/sldpc/rcc_8shot.yaml
sldpc,sldpc,rcc,16,bag=titan_slide_20x,bag=20x,slide_embedding,titan,titan,titan,native,/path/to/model-cache/huggingface/hub/models--MahmoodLab--TITAN/snapshots/dac6773d9961cfc75503440676ff157a2c6e8d2e,True,sldpc_learnable_context_from_classnames,/path/to/PGVL-Gym/text_prompts/sldpc/tcga_rcc.yaml,True,20x,,,True,False,873,0,/path/to/PGVL-Gym/benchmarks/tcga/configs/sldpc/rcc_16shot.yaml,python train.py --method sldpc --config /path/to/PGVL-Gym/benchmarks/tcga/configs/sldpc/rcc_16shot.yaml
convlm,convlm,nsclc,4,tiles=convlm_raw_tiles_20x,tiles=20x,attribute_conditioned_tile,convlm-vit,convlm-vit,,,,True,convlm_quiltnet_attribute_embeddings,/path/to/PGVL-Gym/text_prompts/convlm/tcga_nsclc_quiltnet_attributes.pt,True,,,,True,False,1043,0,/path/to/PGVL-Gym/benchmarks/tcga/configs/convlm/nsclc_4shot.yaml,python train.py --method convlm --config /path/to/PGVL-Gym/benchmarks/tcga/configs/convlm/nsclc_4shot.yaml
convlm,convlm,nsclc,8,tiles=convlm_raw_tiles_20x,tiles=20x,attribute_conditioned_tile,convlm-vit,convlm-vit,,,,True,convlm_quiltnet_attribute_embeddings,/path/to/PGVL-Gym/text_prompts/convlm/tcga_nsclc_quiltnet_attributes.pt,True,,,,True,False,1043,0,/path/to/PGVL-Gym/benchmarks/tcga/configs/convlm/nsclc_8shot.yaml,python train.py --method convlm --config /path/to/PGVL-Gym/benchmarks/tcga/configs/convlm/nsclc_8shot.yaml
convlm,convlm,nsclc,16,tiles=convlm_raw_tiles_20x,tiles=20x,attribute_conditioned_tile,convlm-vit,convlm-vit,,,,True,convlm_quiltnet_attribute_embeddings,/path/to/PGVL-Gym/text_prompts/convlm/tcga_nsclc_quiltnet_attributes.pt,True,,,,True,False,1043,0,/path/to/PGVL-Gym/benchmarks/tcga/configs/convlm/nsclc_16shot.yaml,python train.py --method convlm --config /path/to/PGVL-Gym/benchmarks/tcga/configs/convlm/nsclc_16shot.yaml
convlm,convlm,brca,4,tiles=convlm_raw_tiles_20x,tiles=20x,attribute_conditioned_tile,convlm-vit,convlm-vit,,,,True,convlm_quiltnet_attribute_embeddings,/path/to/PGVL-Gym/text_prompts/convlm/tcga_brca_quiltnet_attributes.pt,True,,,,True,False,1054,0,/path/to/PGVL-Gym/benchmarks/tcga/configs/convlm/brca_4shot.yaml,python train.py --method convlm --config /path/to/PGVL-Gym/benchmarks/tcga/configs/convlm/brca_4shot.yaml
convlm,convlm,brca,8,tiles=convlm_raw_tiles_20x,tiles=20x,attribute_conditioned_tile,convlm-vit,convlm-vit,,,,True,convlm_quiltnet_attribute_embeddings,/path/to/PGVL-Gym/text_prompts/convlm/tcga_brca_quiltnet_attributes.pt,True,,,,True,False,1054,0,/path/to/PGVL-Gym/benchmarks/tcga/configs/convlm/brca_8shot.yaml,python train.py --method convlm --config /path/to/PGVL-Gym/benchmarks/tcga/configs/convlm/brca_8shot.yaml
convlm,convlm,brca,16,tiles=convlm_raw_tiles_20x,tiles=20x,attribute_conditioned_tile,convlm-vit,convlm-vit,,,,True,convlm_quiltnet_attribute_embeddings,/path/to/PGVL-Gym/text_prompts/convlm/tcga_brca_quiltnet_attributes.pt,True,,,,True,False,1054,0,/path/to/PGVL-Gym/benchmarks/tcga/configs/convlm/brca_16shot.yaml,python train.py --method convlm --config /path/to/PGVL-Gym/benchmarks/tcga/configs/convlm/brca_16shot.yaml
convlm,convlm,rcc,4,tiles=convlm_raw_tiles_20x,tiles=20x,attribute_conditioned_tile,convlm-vit,convlm-vit,,,,True,convlm_quiltnet_attribute_embeddings,/path/to/PGVL-Gym/text_prompts/convlm/tcga_rcc_quiltnet_attributes.pt,True,,,,True,False,873,0,/path/to/PGVL-Gym/benchmarks/tcga/configs/convlm/rcc_4shot.yaml,python train.py --method convlm --config /path/to/PGVL-Gym/benchmarks/tcga/configs/convlm/rcc_4shot.yaml
convlm,convlm,rcc,8,tiles=convlm_raw_tiles_20x,tiles=20x,attribute_conditioned_tile,convlm-vit,convlm-vit,,,,True,convlm_quiltnet_attribute_embeddings,/path/to/PGVL-Gym/text_prompts/convlm/tcga_rcc_quiltnet_attributes.pt,True,,,,True,False,873,0,/path/to/PGVL-Gym/benchmarks/tcga/configs/convlm/rcc_8shot.yaml,python train.py --method convlm --config /path/to/PGVL-Gym/benchmarks/tcga/configs/convlm/rcc_8shot.yaml
convlm,convlm,rcc,16,tiles=convlm_raw_tiles_20x,tiles=20x,attribute_conditioned_tile,convlm-vit,convlm-vit,,,,True,convlm_quiltnet_attribute_embeddings,/path/to/PGVL-Gym/text_prompts/convlm/tcga_rcc_quiltnet_attributes.pt,True,,,,True,False,873,0,/path/to/PGVL-Gym/benchmarks/tcga/configs/convlm/rcc_16shot.yaml,python train.py --method convlm --config /path/to/PGVL-Gym/benchmarks/tcga/configs/convlm/rcc_16shot.yaml
composite,composite,nsclc,4,bag=clip_rn50_10x,bag=10x,composite,clip-rn50,clip-rn50,,,/path/to/model-cache/clip/RN50.pt,True,composite_coop_classname_context,,True,10x,,,True,False,1043,0,/path/to/PGVL-Gym/benchmarks/tcga/configs/composite/nsclc_4shot.yaml,python train.py --method composite --config /path/to/PGVL-Gym/benchmarks/tcga/configs/composite/nsclc_4shot.yaml
composite,composite,nsclc,8,bag=clip_rn50_10x,bag=10x,composite,clip-rn50,clip-rn50,,,/path/to/model-cache/clip/RN50.pt,True,composite_coop_classname_context,,True,10x,,,True,False,1043,0,/path/to/PGVL-Gym/benchmarks/tcga/configs/composite/nsclc_8shot.yaml,python train.py --method composite --config /path/to/PGVL-Gym/benchmarks/tcga/configs/composite/nsclc_8shot.yaml
composite,composite,nsclc,16,bag=clip_rn50_10x,bag=10x,composite,clip-rn50,clip-rn50,,,/path/to/model-cache/clip/RN50.pt,True,composite_coop_classname_context,,True,10x,,,True,False,1043,0,/path/to/PGVL-Gym/benchmarks/tcga/configs/composite/nsclc_16shot.yaml,python train.py --method composite --config /path/to/PGVL-Gym/benchmarks/tcga/configs/composite/nsclc_16shot.yaml
composite,composite,brca,4,bag=clip_rn50_10x,bag=10x,composite,clip-rn50,clip-rn50,,,/path/to/model-cache/clip/RN50.pt,True,composite_coop_classname_context,,True,10x,,,True,False,1054,0,/path/to/PGVL-Gym/benchmarks/tcga/configs/composite/brca_4shot.yaml,python train.py --method composite --config /path/to/PGVL-Gym/benchmarks/tcga/configs/composite/brca_4shot.yaml
composite,composite,brca,8,bag=clip_rn50_10x,bag=10x,composite,clip-rn50,clip-rn50,,,/path/to/model-cache/clip/RN50.pt,True,composite_coop_classname_context,,True,10x,,,True,False,1054,0,/path/to/PGVL-Gym/benchmarks/tcga/configs/composite/brca_8shot.yaml,python train.py --method composite --config /path/to/PGVL-Gym/benchmarks/tcga/configs/composite/brca_8shot.yaml
composite,composite,brca,16,bag=clip_rn50_10x,bag=10x,composite,clip-rn50,clip-rn50,,,/path/to/model-cache/clip/RN50.pt,True,composite_coop_classname_context,,True,10x,,,True,False,1054,0,/path/to/PGVL-Gym/benchmarks/tcga/configs/composite/brca_16shot.yaml,python train.py --method composite --config /path/to/PGVL-Gym/benchmarks/tcga/configs/composite/brca_16shot.yaml
composite,composite,rcc,4,bag=clip_rn50_10x,bag=10x,composite,clip-rn50,clip-rn50,,,/path/to/model-cache/clip/RN50.pt,True,composite_coop_classname_context,,True,10x,,,True,False,873,0,/path/to/PGVL-Gym/benchmarks/tcga/configs/composite/rcc_4shot.yaml,python train.py --method composite --config /path/to/PGVL-Gym/benchmarks/tcga/configs/composite/rcc_4shot.yaml
composite,composite,rcc,8,bag=clip_rn50_10x,bag=10x,composite,clip-rn50,clip-rn50,,,/path/to/model-cache/clip/RN50.pt,True,composite_coop_classname_context,,True,10x,,,True,False,873,0,/path/to/PGVL-Gym/benchmarks/tcga/configs/composite/rcc_8shot.yaml,python train.py --method composite --config /path/to/PGVL-Gym/benchmarks/tcga/configs/composite/rcc_8shot.yaml
composite,composite,rcc,16,bag=clip_rn50_10x,bag=10x,composite,clip-rn50,clip-rn50,,,/path/to/model-cache/clip/RN50.pt,True,composite_coop_classname_context,,True,10x,,,True,False,873,0,/path/to/PGVL-Gym/benchmarks/tcga/configs/composite/rcc_16shot.yaml,python train.py --method composite --config /path/to/PGVL-Gym/benchmarks/tcga/configs/composite/rcc_16shot.yaml
