train,val,test
TCGA-2Z-A9J8-01Z-00-DX1,TCGA-2K-A9WE-01Z-00-DX1,TCGA-2Z-A9J1-01Z-00-DX1
TCGA-6D-AA2E-01Z-00-DX1,TCGA-2Z-A9JI-01Z-00-DX1,TCGA-2Z-A9J6-01Z-00-DX1
TCGA-A3-3335-01Z-00-DX1,TCGA-A3-3374-01Z-00-DX1,TCGA-2Z-A9J9-01Z-00-DX1
TCGA-A4-7585-01Z-00-DX1,TCGA-A3-A6NJ-01Z-00-DX1,TCGA-2Z-A9JE-01Z-00-DX1
TCGA-A4-A5XZ-01Z-00-DX1,TCGA-A3-A8OW-01Z-00-DX1,TCGA-2Z-A9JO-01Z-00-DX1
TCGA-A4-A5Y1-01Z-00-DX1,TCGA-A4-7996-01Z-00-DX1,TCGA-4A-A93W-01Z-00-DX1
TCGA-A4-A7UZ-01Z-00-DX1,TCGA-A4-8517-01Z-00-DX1,TCGA-4A-A93X-01Z-00-DX1
TCGA-B0-5703-01Z-00-DX1,TCGA-AK-3444-01Z-00-DX1,TCGA-4A-A93X-01Z-00-DX2
TCGA-B2-4102-01Z-00-DX1,TCGA-AL-3472-01Z-00-DX1,TCGA-5P-A9K3-01Z-00-DX1
TCGA-B3-3925-01Z-00-DX1,TCGA-B0-4819-01Z-00-DX1,TCGA-5P-A9K6-01Z-00-DX1
TCGA-B8-4154-01Z-00-DX1,TCGA-B0-5084-01Z-00-DX1,TCGA-A3-3306-01Z-00-DX1
TCGA-B9-A69E-01Z-00-DX1,TCGA-B0-5698-01Z-00-DX1,TCGA-A3-3326-01Z-00-DX1
TCGA-BP-4325-01Z-00-DX1,TCGA-B1-A47N-01Z-00-DX1,TCGA-A3-3328-01Z-00-DX1
TCGA-BP-4776-01Z-00-DX1,TCGA-B2-5635-01Z-00-DX1,TCGA-A3-3329-01Z-00-DX1
TCGA-BP-4777-01Z-00-DX1,TCGA-B8-A54H-01Z-00-DX1,TCGA-A3-3351-01Z-00-DX1
TCGA-BP-4798-01Z-00-DX1,TCGA-B9-5155-01Z-00-DX1,TCGA-A3-3358-01Z-00-DX1
TCGA-BP-4961-01Z-00-DX1,TCGA-B9-A5W7-01Z-00-DX1,TCGA-A3-3362-01Z-00-DX1
TCGA-BP-4986-01Z-00-DX1,TCGA-BP-4161-01Z-00-DX1,TCGA-A3-3370-01Z-00-DX1
TCGA-BQ-5882-01Z-00-DX1,TCGA-BP-4803-01Z-00-DX1,TCGA-A3-3385-01Z-00-DX1
TCGA-BQ-5891-01Z-00-DX1,TCGA-BP-5180-01Z-00-DX1,TCGA-A3-3387-01Z-00-DX1
TCGA-CJ-4894-01Z-00-DX1,TCGA-BQ-5888-01Z-00-DX1,TCGA-A3-A6NI-01Z-00-DX1
TCGA-CZ-4866-01Z-00-DX1,TCGA-BQ-7044-01Z-00-DX1,TCGA-A3-A6NL-01Z-00-DX1
TCGA-CZ-5457-01Z-00-DX1,TCGA-CJ-4887-01Z-00-DX1,TCGA-A3-A8OU-01Z-00-DX1
TCGA-DV-5565-01Z-00-DX1,TCGA-CJ-4916-01Z-00-DX1,TCGA-A4-7286-01Z-00-DX1
TCGA-DW-7963-01Z-00-DX1,TCGA-CZ-4865-01Z-00-DX1,TCGA-A4-7828-01Z-00-DX1
TCGA-G7-6792-01Z-00-DX1,TCGA-CZ-5463-01Z-00-DX1,TCGA-A4-8310-01Z-00-DX1
TCGA-G7-A8LC-01Z-00-DX1,TCGA-J7-A8I2-01Z-00-DX1,TCGA-A4-8515-01Z-00-DX1
TCGA-HE-A5NH-01Z-00-DX1,TCGA-KL-8327-01Z-00-DX1,TCGA-A4-8516-01Z-00-DX1
TCGA-KM-8442-01Z-00-DX1,TCGA-KL-8337-01Z-00-DX1,TCGA-A4-A5Y0-01Z-00-DX1
TCGA-KM-8443-01Z-00-DX1,TCGA-KL-8340-01Z-00-DX1,TCGA-AK-3426-01Z-00-DX1
TCGA-KM-8476-01Z-00-DX1,TCGA-KL-8343-01Z-00-DX1,TCGA-AK-3433-01Z-00-DX1
TCGA-KM-8639-01Z-00-DX1,TCGA-KM-8438-01Z-00-DX1,TCGA-AK-3450-01Z-00-DX1
TCGA-KM-A7QK-01Z-00-DX1,TCGA-KM-A7QD-01Z-00-DX1,TCGA-AK-3453-01Z-00-DX1
TCGA-KM-A7QL-01Z-00-DX1,TCGA-KM-A7QG-01Z-00-DX1,TCGA-AL-3466-01Z-00-DX1
TCGA-KN-8423-01Z-00-DX1,TCGA-KN-8425-01Z-00-DX1,TCGA-AL-3466-01Z-00-DX2
TCGA-KN-8426-01Z-00-DX1,TCGA-KN-8428-01Z-00-DX1,TCGA-AL-3468-01Z-00-DX1
TCGA-KN-8427-01Z-00-DX1,TCGA-KO-8410-01Z-00-DX1,TCGA-AL-3468-01Z-00-DX2
TCGA-KN-8431-01Z-00-DX1,TCGA-KO-8417-01Z-00-DX1,TCGA-AL-3473-01Z-00-DX1
TCGA-KN-8432-01Z-00-DX1,TCGA-KV-A6GE-01Z-00-DX1,TCGA-AL-3473-01Z-00-DX2
TCGA-KO-8405-01Z-00-DX1,TCGA-NP-A5H5-01Z-00-DX1,TCGA-AS-3777-01Z-00-DX1
TCGA-MM-A563-01Z-00-DX1,TCGA-P4-A5E6-01Z-00-DX1,TCGA-AT-A5NU-01Z-00-DX1
TCGA-PJ-A5Z8-01Z-00-DX1,TCGA-P4-A5E7-01Z-00-DX1,TCGA-B0-4693-01Z-00-DX1
TCGA-SX-A7SR-01Z-00-DX1,TCGA-UW-A72H-01Z-00-DX1,TCGA-B0-4699-01Z-00-DX1
TCGA-UW-A72I-01Z-00-DX1,TCGA-UW-A72J-01Z-00-DX1,TCGA-B0-4706-01Z-00-DX1
TCGA-UW-A72O-01Z-00-DX1,TCGA-UW-A72P-01Z-00-DX1,TCGA-B0-4707-01Z-00-DX1
TCGA-UW-A72Q-01Z-00-DX1,TCGA-UW-A7GU-01Z-00-DX1,TCGA-B0-4718-01Z-00-DX1
TCGA-UW-A7GC-01Z-00-DX1,TCGA-UZ-A9PM-01Z-00-DX1,TCGA-B0-4813-01Z-00-DX1
TCGA-Y8-A898-01Z-00-DX1,TCGA-Y8-A895-01Z-00-DX1,TCGA-B0-4818-01Z-00-DX1
,,TCGA-B0-4822-01Z-00-DX1
,,TCGA-B0-4823-01Z-00-DX1
,,TCGA-B0-4828-01Z-00-DX1
,,TCGA-B0-4836-01Z-00-DX1
,,TCGA-B0-4841-01Z-00-DX1
,,TCGA-B0-4844-01Z-00-DX1
,,TCGA-B0-5083-01Z-00-DX1
,,TCGA-B0-5092-01Z-00-DX1
,,TCGA-B0-5113-01Z-00-DX1
,,TCGA-B0-5116-01Z-00-DX1
,,TCGA-B0-5117-01Z-00-DX1
,,TCGA-B0-5692-01Z-00-DX1
,,TCGA-B0-5697-01Z-00-DX1
,,TCGA-B0-5702-01Z-00-DX1
,,TCGA-B0-5709-01Z-00-DX1
,,TCGA-B1-7332-01Z-00-DX1
,,TCGA-B2-4099-01Z-00-DX1
,,TCGA-B2-5639-01Z-00-DX1
,,TCGA-B2-5641-01Z-00-DX1
,,TCGA-B3-4103-01Z-00-DX1
,,TCGA-B3-4104-01Z-00-DX1
,,TCGA-B4-5377-01Z-00-DX1
,,TCGA-B4-5843-01Z-00-DX1
,,TCGA-B8-4151-01Z-00-DX1
,,TCGA-B8-4153-01Z-00-DX1
,,TCGA-B8-5158-01Z-00-DX1
,,TCGA-B8-5545-01Z-00-DX1
,,TCGA-B8-A54E-01Z-00-DX1
,,TCGA-B9-4116-01Z-00-DX1
,,TCGA-B9-5156-01Z-00-DX1
,,TCGA-B9-A5W8-01Z-00-DX1
,,TCGA-BP-4164-01Z-00-DX1
,,TCGA-BP-4167-01Z-00-DX1
,,TCGA-BP-4330-01Z-00-DX1
,,TCGA-BP-4334-01Z-00-DX1
,,TCGA-BP-4338-01Z-00-DX1
,,TCGA-BP-4342-01Z-00-DX1
,,TCGA-BP-4349-01Z-00-DX1
,,TCGA-BP-4759-01Z-00-DX1
,,TCGA-BP-4765-01Z-00-DX1
,,TCGA-BP-4768-01Z-00-DX1
,,TCGA-BP-4769-01Z-00-DX1
,,TCGA-BP-4770-01Z-00-DX1
,,TCGA-BP-4775-01Z-00-DX1
,,TCGA-BP-4962-01Z-00-DX1
,,TCGA-BP-4965-01Z-00-DX1
,,TCGA-BP-4967-01Z-00-DX1
,,TCGA-BP-4970-01Z-00-DX1
,,TCGA-BP-4989-01Z-00-DX1
,,TCGA-BP-4994-01Z-00-DX1
,,TCGA-BP-4995-01Z-00-DX1
,,TCGA-BP-5001-01Z-00-DX1
,,TCGA-BP-5010-01Z-00-DX1
,,TCGA-BP-5173-01Z-00-DX1
,,TCGA-BP-5175-01Z-00-DX1
,,TCGA-BP-5177-01Z-00-DX1
,,TCGA-BP-5183-01Z-00-DX1
,,TCGA-BP-5192-01Z-00-DX1
,,TCGA-BP-5199-01Z-00-DX1
,,TCGA-BP-5202-01Z-00-DX1
,,TCGA-BQ-5883-01Z-00-DX1
,,TCGA-BQ-5889-01Z-00-DX1
,,TCGA-BQ-7056-01Z-00-DX1
,,TCGA-CJ-4640-01Z-00-DX1
,,TCGA-CJ-4870-01Z-00-DX1
,,TCGA-CJ-4886-01Z-00-DX1
,,TCGA-CJ-4901-01Z-00-DX1
,,TCGA-CJ-4920-01Z-00-DX1
,,TCGA-CJ-5675-01Z-00-DX1
,,TCGA-CJ-5678-01Z-00-DX1
,,TCGA-CJ-5680-01Z-00-DX1
,,TCGA-CJ-5682-01Z-00-DX1
,,TCGA-CJ-5686-01Z-00-DX1
,,TCGA-CJ-6028-01Z-00-DX1
,,TCGA-CJ-6031-01Z-00-DX1
,,TCGA-CJ-6032-01Z-00-DX1
,,TCGA-CZ-4853-01Z-00-DX1
,,TCGA-CZ-4863-01Z-00-DX1
,,TCGA-CZ-5451-01Z-00-DX1
,,TCGA-CZ-5460-01Z-00-DX1
,,TCGA-CZ-5464-01Z-00-DX1
,,TCGA-CZ-5465-01Z-00-DX1
,,TCGA-CZ-5988-01Z-00-DX1
,,TCGA-CZ-5989-01Z-00-DX1
,,TCGA-DV-5566-01Z-00-DX1
,,TCGA-DV-A4VX-01Z-00-DX1
,,TCGA-F9-A7VF-01Z-00-DX1
,,TCGA-G6-A8L6-01Z-00-DX1
,,TCGA-G7-6789-01Z-00-DX1
,,TCGA-G7-6793-01Z-00-DX1
,,TCGA-G7-6796-01Z-00-DX1
,,TCGA-G7-A8LE-01Z-00-DX1
,,TCGA-GL-A4EM-01Z-00-DX1
,,TCGA-HE-7130-01Z-00-DX1
,,TCGA-IA-A40U-01Z-00-DX1
,,TCGA-IA-A40Y-01Z-00-DX1
,,TCGA-J7-6720-01Z-00-DX1
,,TCGA-KL-8324-01Z-00-DX1
,,TCGA-KL-8326-01Z-00-DX1
,,TCGA-KL-8332-01Z-00-DX1
,,TCGA-KL-8335-01Z-00-DX1
,,TCGA-KL-8342-01Z-00-DX1
,,TCGA-KL-8344-01Z-00-DX1
,,TCGA-KM-8441-01Z-00-DX1
,,TCGA-KM-A7QC-01Z-00-DX1
,,TCGA-KM-A7QI-01Z-00-DX1
,,TCGA-KN-8418-01Z-00-DX1
,,TCGA-KN-8419-01Z-00-DX1
,,TCGA-KN-8421-01Z-00-DX1
,,TCGA-KN-8430-01Z-00-DX1
,,TCGA-KO-8403-01Z-00-DX1
,,TCGA-KO-8409-01Z-00-DX1
,,TCGA-KV-A6GD-01Z-00-DX1
,,TCGA-KV-A6GD-01Z-00-DX2
,,TCGA-KV-A6GD-01Z-00-DX3
,,TCGA-KV-A6GD-01Z-00-DX4
,,TCGA-KV-A6GD-01Z-00-DX5
,,TCGA-KV-A6GD-01Z-00-DX6
,,TCGA-KV-A6GD-01Z-00-DX7
,,TCGA-MH-A562-01Z-00-DX1
,,TCGA-MH-A856-01Z-00-DX1
,,TCGA-NP-A5GZ-01Z-00-DX1
,,TCGA-NP-A5H1-01Z-00-DX1
,,TCGA-NP-A5H7-01Z-00-DX1
,,TCGA-O9-A75Z-01Z-00-DX1
,,TCGA-P4-A5EA-01Z-00-DX1
,,TCGA-P4-A5EB-01Z-00-DX1
,,TCGA-P4-AAVK-01Z-00-DX1
,,TCGA-P4-AAVL-01Z-00-DX1
,,TCGA-P4-AAVO-01Z-00-DX1
,,TCGA-PJ-A5Z9-01Z-00-DX1
,,TCGA-SX-A71U-01Z-00-DX1
,,TCGA-SX-A7SQ-01Z-00-DX1
,,TCGA-UW-A72K-01Z-00-DX1
,,TCGA-UW-A72R-01Z-00-DX1
,,TCGA-UW-A7GN-01Z-00-DX1
,,TCGA-UW-A7GN-11Z-00-DX1
,,TCGA-UW-A7GY-01Z-00-DX1
,,TCGA-UW-A7GY-11Z-00-DX1
,,TCGA-UZ-A9PJ-01Z-00-DX1
,,TCGA-UZ-A9PL-01Z-00-DX1
,,TCGA-UZ-A9PO-01Z-00-DX1
,,TCGA-UZ-A9PZ-01Z-00-DX1
,,TCGA-Y8-A8S1-01Z-00-DX1
