"Ovarian clear cell carcinoma with tubulocystic, papillary, or solid architecture and hyalinized stromal cores."
"Ovarian endometrioid carcinoma with confluent glandular or cribriform architecture resembling endometrial glands."
"High-grade serous carcinoma with complex papillary, solid, or slit-like architecture and destructive invasion."
"Low-grade serous carcinoma with orderly micropapillary architecture, delicate papillae, and relatively uniform growth."
"Ovarian mucinous carcinoma with expansile or infiltrative mucinous glands and complex intestinal-type architecture."
"Clear or eosinophilic hobnail cells with distinct borders and atypical nuclei."
"Columnar epithelial cells forming glands with variable squamous differentiation and nuclear atypia."
"Marked nuclear pleomorphism, prominent nucleoli, brisk mitotic activity, and frequent apoptotic bodies."
"Monomorphic nuclei with mild atypia, low mitotic activity, and possible psammoma bodies."
"Tall mucin-rich columnar cells with stratification, atypia, and intracytoplasmic mucin."
